key,match_id,player_slot,slot,team,time,type,unit
3,4070356125,130.0,7.0,,324,CHAT_MESSAGE_FIRSTBLOOD,
npc_dota_badguys_tower1_mid,4070356125,2.0,2.0,,717,building_kill,npc_dota_hero_alchemist
npc_dota_goodguys_tower1_bot,4070356125,128.0,5.0,,895,building_kill,npc_dota_hero_tiny
npc_dota_badguys_tower1_top,4070356125,1.0,1.0,,895,building_kill,npc_dota_hero_clinkz
npc_dota_goodguys_tower1_mid,4070356125,0.0,0.0,,1025,building_kill,npc_dota_hero_lich
npc_dota_goodguys_tower2_bot,4070356125,129.0,6.0,,1203,building_kill,npc_dota_hero_wisp
,4070356125,,,2.0,1265,CHAT_MESSAGE_ROSHAN_KILL,
,4070356125,2.0,2.0,,1266,CHAT_MESSAGE_AEGIS,
npc_dota_badguys_tower1_bot,4070356125,1.0,1.0,,1393,building_kill,npc_dota_hero_clinkz
npc_dota_badguys_tower2_bot,4070356125,1.0,1.0,,1444,building_kill,npc_dota_hero_clinkz
npc_dota_badguys_tower2_mid,4070356125,2.0,2.0,,1539,building_kill,npc_dota_hero_alchemist
npc_dota_badguys_tower3_mid,4070356125,,,,1553,building_kill,npc_dota_goodguys_siege
npc_dota_badguys_melee_rax_mid,4070356125,1.0,1.0,,1569,building_kill,npc_dota_hero_clinkz
npc_dota_badguys_range_rax_mid,4070356125,1.0,1.0,,1570,building_kill,npc_dota_hero_clinkz
npc_dota_goodguys_tower1_top,4070356125,,,,1621,building_kill,npc_dota_badguys_siege
npc_dota_badguys_healers,4070356125,1.0,1.0,,1628,building_kill,npc_dota_hero_clinkz
npc_dota_badguys_fort,4070356125,,,,1735,building_kill,dota_unknown
9,4070423361,2.0,2.0,,51,CHAT_MESSAGE_FIRSTBLOOD,
npc_dota_goodguys_tower1_mid,4070423361,4.0,4.0,,472,building_kill,npc_dota_hero_broodmother
npc_dota_badguys_tower1_mid,4070423361,4.0,4.0,,796,building_kill,npc_dota_hero_broodmother
npc_dota_goodguys_tower1_bot,4070423361,129.0,6.0,,837,building_kill,npc_dota_hero_furion
,4070423361,,,2.0,872,CHAT_MESSAGE_ROSHAN_KILL,
,4070423361,4.0,4.0,,873,CHAT_MESSAGE_AEGIS,
npc_dota_badguys_tower1_top,4070423361,2.0,2.0,,1040,building_kill,npc_dota_hero_ursa
npc_dota_badguys_tower2_mid,4070423361,4.0,4.0,,1043,building_kill,npc_dota_hero_broodmother
npc_dota_badguys_tower1_bot,4070423361,4.0,4.0,,1129,building_kill,npc_dota_hero_broodmother
npc_dota_badguys_tower2_bot,4070423361,4.0,4.0,,1161,building_kill,npc_dota_hero_broodmother
npc_dota_goodguys_tower1_top,4070423361,129.0,6.0,,1174,building_kill,npc_dota_hero_furion
,4070423361,,,2.0,1464,CHAT_MESSAGE_ROSHAN_KILL,
,4070423361,4.0,4.0,,1465,CHAT_MESSAGE_AEGIS,
npc_dota_goodguys_tower2_top,4070423361,,,,1720,building_kill,npc_dota_creep_badguys_ranged
npc_dota_badguys_tower3_mid,4070423361,2.0,2.0,,1737,building_kill,npc_dota_hero_ursa
npc_dota_badguys_melee_rax_mid,4070423361,4.0,4.0,,1751,building_kill,npc_dota_hero_broodmother
npc_dota_badguys_range_rax_mid,4070423361,4.0,4.0,,1781,building_kill,npc_dota_hero_broodmother
npc_dota_badguys_tower4,4070423361,1.0,1.0,,1792,building_kill,npc_dota_hero_batrider
npc_dota_badguys_tower4,4070423361,3.0,3.0,,1799,building_kill,npc_dota_hero_earth_spirit
npc_dota_badguys_fort,4070423361,,,,1820,building_kill,dota_unknown
9,4070500759,2.0,2.0,,11,CHAT_MESSAGE_FIRSTBLOOD,
npc_dota_badguys_tower1_bot,4070500759,,,,532,building_kill,npc_dota_goodguys_siege
npc_dota_badguys_tower1_top,4070500759,1.0,1.0,,563,building_kill,npc_dota_hero_storm_spirit
npc_dota_badguys_tower1_mid,4070500759,0.0,0.0,,661,building_kill,npc_dota_hero_drow_ranger
npc_dota_goodguys_tower1_top,4070500759,,,,814,building_kill,npc_dota_creep_badguys_ranged
npc_dota_goodguys_tower1_mid,4070500759,129.0,6.0,,922,building_kill,npc_dota_hero_visage
npc_dota_goodguys_tower1_bot,4070500759,,,,981,building_kill,npc_dota_badguys_siege
,4070500759,,,2.0,1115,CHAT_MESSAGE_ROSHAN_KILL,
,4070500759,1.0,1.0,,1115,CHAT_MESSAGE_AEGIS,
npc_dota_badguys_tower2_top,4070500759,1.0,1.0,,1426,building_kill,npc_dota_hero_storm_spirit
npc_dota_goodguys_tower2_bot,4070500759,129.0,6.0,,1429,building_kill,npc_dota_hero_visage
npc_dota_badguys_tower2_bot,4070500759,130.0,7.0,,1739,building_kill,npc_dota_hero_tiny
,4070500759,,,3.0,1741,CHAT_MESSAGE_ROSHAN_KILL,
,4070500759,129.0,6.0,,1741,CHAT_MESSAGE_AEGIS,
npc_dota_goodguys_tower3_bot,4070500759,129.0,6.0,,1949,building_kill,npc_dota_hero_visage
npc_dota_goodguys_healers,4070500759,128.0,5.0,,1988,building_kill,npc_dota_hero_bane
npc_dota_goodguys_tower2_mid,4070500759,131.0,8.0,,2021,building_kill,npc_dota_hero_enigma
npc_dota_goodguys_tower2_top,4070500759,129.0,6.0,,2217,building_kill,npc_dota_hero_visage
npc_dota_goodguys_healers,4070500759,129.0,6.0,,2229,building_kill,npc_dota_hero_visage
npc_dota_badguys_tower2_mid,4070500759,0.0,0.0,,2346,building_kill,npc_dota_hero_drow_ranger
npc_dota_badguys_tower3_mid,4070500759,0.0,0.0,,2362,building_kill,npc_dota_hero_drow_ranger
npc_dota_badguys_tower4,4070500759,1.0,1.0,,2369,building_kill,npc_dota_hero_storm_spirit
npc_dota_badguys_tower4,4070500759,0.0,0.0,,2373,building_kill,npc_dota_hero_drow_ranger
npc_dota_badguys_fort,4070500759,,,,2379,building_kill,dota_unknown
6,4070556816,2.0,2.0,,-40,CHAT_MESSAGE_FIRSTBLOOD,
npc_dota_badguys_tower1_top,4070556816,1.0,1.0,,622,building_kill,npc_dota_hero_lina
npc_dota_badguys_tower1_bot,4070556816,2.0,2.0,,701,building_kill,npc_dota_hero_silencer
npc_dota_badguys_tower1_mid,4070556816,0.0,0.0,,735,building_kill,npc_dota_hero_terrorblade
,4070556816,,,2.0,1049,CHAT_MESSAGE_ROSHAN_KILL,
,4070556816,0.0,0.0,,1049,CHAT_MESSAGE_AEGIS,
npc_dota_badguys_tower2_bot,4070556816,,,,1450,building_kill,npc_dota_creep_goodguys_melee
npc_dota_badguys_tower3_bot,4070556816,0.0,0.0,,1485,building_kill,npc_dota_hero_terrorblade
npc_dota_badguys_melee_rax_bot,4070556816,4.0,4.0,,1527,building_kill,npc_dota_hero_weaver
npc_dota_badguys_range_rax_bot,4070556816,0.0,0.0,,1529,building_kill,npc_dota_hero_terrorblade
npc_dota_goodguys_tower1_bot,4070556816,129.0,6.0,,1606,building_kill,npc_dota_hero_skeleton_king
,4070556816,,,2.0,1626,CHAT_MESSAGE_ROSHAN_KILL,
,4070556816,0.0,0.0,,1626,CHAT_MESSAGE_AEGIS,
npc_dota_badguys_tower2_top,4070556816,,,,1700,building_kill,npc_dota_goodguys_siege
npc_dota_badguys_healers,4070556816,0.0,0.0,,1729,building_kill,npc_dota_hero_terrorblade
npc_dota_badguys_tower2_mid,4070556816,0.0,0.0,,1807,building_kill,npc_dota_hero_terrorblade
npc_dota_goodguys_tower1_top,4070556816,129.0,6.0,,1826,building_kill,npc_dota_hero_skeleton_king
npc_dota_badguys_healers,4070556816,0.0,0.0,,1827,building_kill,npc_dota_hero_terrorblade
npc_dota_badguys_tower3_mid,4070556816,1.0,1.0,,2109,building_kill,npc_dota_hero_lina
npc_dota_badguys_melee_rax_mid,4070556816,1.0,1.0,,2114,building_kill,npc_dota_hero_lina
npc_dota_badguys_fort,4070556816,,,,2122,building_kill,dota_unknown
5,4070612749,1.0,1.0,,207,CHAT_MESSAGE_FIRSTBLOOD,
,4070612749,,,3.0,255,CHAT_MESSAGE_COURIER_LOST,
npc_dota_badguys_tower1_top,4070612749,2.0,2.0,,667,building_kill,npc_dota_hero_ogre_magi
npc_dota_goodguys_tower1_bot,4070612749,132.0,9.0,,1124,building_kill,npc_dota_hero_mirana
,4070612749,,,3.0,1180,CHAT_MESSAGE_ROSHAN_KILL,
,4070612749,128.0,5.0,,1181,CHAT_MESSAGE_AEGIS,
npc_dota_badguys_tower1_mid,4070612749,3.0,3.0,,1282,building_kill,npc_dota_hero_lina
npc_dota_badguys_tower2_mid,4070612749,4.0,4.0,,1457,building_kill,npc_dota_hero_tiny
npc_dota_goodguys_tower1_mid,4070612749,,,,1535,building_kill,npc_dota_creep_badguys_melee
npc_dota_badguys_tower1_bot,4070612749,,,,1550,building_kill,npc_dota_goodguys_siege
npc_dota_badguys_tower2_top,4070612749,0.0,0.0,,1640,building_kill,npc_dota_hero_gyrocopter
npc_dota_badguys_tower3_top,4070612749,0.0,0.0,,1674,building_kill,npc_dota_hero_gyrocopter
,4070612749,,,2.0,1891,CHAT_MESSAGE_ROSHAN_KILL,
,4070612749,0.0,0.0,,1892,CHAT_MESSAGE_AEGIS,
npc_dota_badguys_healers,4070612749,4.0,4.0,,1928,building_kill,npc_dota_hero_tiny
npc_dota_badguys_tower2_bot,4070612749,,,,1955,building_kill,npc_dota_creep_goodguys_melee
npc_dota_badguys_healers,4070612749,4.0,4.0,,1994,building_kill,npc_dota_hero_tiny
npc_dota_badguys_melee_rax_top,4070612749,3.0,3.0,,2066,building_kill,npc_dota_hero_lina
npc_dota_badguys_range_rax_top,4070612749,0.0,0.0,,2070,building_kill,npc_dota_hero_gyrocopter
,4070612749,,,2.0,2498,CHAT_MESSAGE_ROSHAN_KILL,
,4070612749,0.0,0.0,,2499,CHAT_MESSAGE_AEGIS,
npc_dota_badguys_tower3_mid,4070612749,4.0,4.0,,2624,building_kill,npc_dota_hero_tiny
npc_dota_badguys_melee_rax_mid,4070612749,1.0,1.0,,2642,building_kill,npc_dota_hero_necrolyte
npc_dota_badguys_range_rax_mid,4070612749,3.0,3.0,,2645,building_kill,npc_dota_hero_lina
npc_dota_badguys_tower3_bot,4070612749,4.0,4.0,,2654,building_kill,npc_dota_hero_tiny
npc_dota_badguys_melee_rax_bot,4070612749,0.0,0.0,,2668,building_kill,npc_dota_hero_gyrocopter
npc_dota_badguys_range_rax_bot,4070612749,4.0,4.0,,2669,building_kill,npc_dota_hero_tiny
npc_dota_badguys_fort,4070612749,,,,2675,building_kill,dota_unknown
1,4070674710,128.0,5.0,,77,CHAT_MESSAGE_FIRSTBLOOD,
npc_dota_goodguys_tower1_bot,4070674710,2.0,2.0,,496,building_kill,npc_dota_hero_spectre
npc_dota_goodguys_tower1_mid,4070674710,,,,656,building_kill,npc_dota_badguys_siege
npc_dota_badguys_tower1_top,4070674710,4.0,4.0,,671,building_kill,npc_dota_hero_nevermore
npc_dota_goodguys_tower1_top,4070674710,132.0,9.0,,980,building_kill,npc_dota_hero_pugna
npc_dota_badguys_tower1_mid,4070674710,4.0,4.0,,994,building_kill,npc_dota_hero_nevermore
npc_dota_badguys_tower1_bot,4070674710,,,,1334,building_kill,npc_dota_creep_goodguys_ranged
npc_dota_goodguys_tower2_bot,4070674710,,,,1577,building_kill,npc_dota_badguys_siege
,4070674710,,,2.0,1587,CHAT_MESSAGE_ROSHAN_KILL,
,4070674710,4.0,4.0,,1587,CHAT_MESSAGE_AEGIS,
npc_dota_goodguys_tower2_top,4070674710,130.0,7.0,,1667,building_kill,npc_dota_hero_tiny
npc_dota_badguys_tower2_top,4070674710,4.0,4.0,,1837,building_kill,npc_dota_hero_nevermore
npc_dota_goodguys_tower2_mid,4070674710,132.0,9.0,,1933,building_kill,npc_dota_hero_pugna
,4070674710,,,3.0,2407,CHAT_MESSAGE_ROSHAN_KILL,
,4070674710,130.0,7.0,,2408,CHAT_MESSAGE_AEGIS,
npc_dota_badguys_tower2_mid,4070674710,0.0,0.0,,2802,building_kill,npc_dota_hero_brewmaster
npc_dota_badguys_tower3_mid,4070674710,4.0,4.0,,2926,building_kill,npc_dota_hero_nevermore
npc_dota_badguys_melee_rax_mid,4070674710,3.0,3.0,,2931,building_kill,npc_dota_hero_undying
npc_dota_badguys_tower4,4070674710,4.0,4.0,,2937,building_kill,npc_dota_hero_nevermore
npc_dota_badguys_tower4,4070674710,4.0,4.0,,2948,building_kill,npc_dota_hero_nevermore
npc_dota_badguys_range_rax_mid,4070674710,,,,2961,building_kill,npc_dota_creep_goodguys_melee
npc_dota_badguys_fort,4070674710,4.0,4.0,,2963,building_kill,npc_dota_hero_nevermore
5,4070746269,3.0,3.0,,264,CHAT_MESSAGE_FIRSTBLOOD,
npc_dota_badguys_tower1_mid,4070746269,2.0,2.0,,875,building_kill,npc_dota_hero_tiny
npc_dota_goodguys_tower1_mid,4070746269,129.0,6.0,,915,building_kill,npc_dota_hero_dragon_knight
npc_dota_goodguys_tower1_top,4070746269,129.0,6.0,,956,building_kill,npc_dota_hero_dragon_knight
npc_dota_badguys_tower1_bot,4070746269,2.0,2.0,,968,building_kill,npc_dota_hero_tiny
npc_dota_badguys_tower1_top,4070746269,4.0,4.0,,1082,building_kill,npc_dota_hero_phantom_lancer
npc_dota_goodguys_tower1_bot,4070746269,132.0,9.0,,1341,building_kill,npc_dota_hero_mirana
npc_dota_badguys_tower2_top,4070746269,2.0,2.0,,1343,building_kill,npc_dota_hero_tiny
,4070746269,,,2.0,1614,CHAT_MESSAGE_COURIER_LOST,
,4070746269,,,2.0,1716,CHAT_MESSAGE_ROSHAN_KILL,
,4070746269,4.0,4.0,,1716,CHAT_MESSAGE_AEGIS,
npc_dota_badguys_tower2_mid,4070746269,2.0,2.0,,1760,building_kill,npc_dota_hero_tiny
npc_dota_badguys_tower2_bot,4070746269,0.0,0.0,,1958,building_kill,npc_dota_hero_vengefulspirit
npc_dota_badguys_tower3_bot,4070746269,2.0,2.0,,1979,building_kill,npc_dota_hero_tiny
,4070746269,,,3.0,2383,CHAT_MESSAGE_ROSHAN_KILL,
,4070746269,2.0,2.0,,2384,CHAT_MESSAGE_AEGIS_STOLEN,
npc_dota_badguys_tower3_mid,4070746269,4.0,4.0,,2437,building_kill,npc_dota_hero_phantom_lancer
npc_dota_badguys_melee_rax_mid,4070746269,4.0,4.0,,2454,building_kill,npc_dota_hero_phantom_lancer
npc_dota_badguys_range_rax_mid,4070746269,,,,2461,building_kill,npc_dota_goodguys_siege
npc_dota_badguys_healers,4070746269,4.0,4.0,,2680,building_kill,npc_dota_hero_phantom_lancer
npc_dota_badguys_healers,4070746269,4.0,4.0,,2810,building_kill,npc_dota_hero_phantom_lancer
npc_dota_badguys_range_rax_bot,4070746269,,,,2823,building_kill,npc_dota_goodguys_siege
npc_dota_badguys_melee_rax_bot,4070746269,,,,3069,building_kill,npc_dota_goodguys_siege_upgraded
,4070746269,,,2.0,3179,CHAT_MESSAGE_ROSHAN_KILL,
,4070746269,4.0,4.0,,3179,CHAT_MESSAGE_AEGIS,
npc_dota_badguys_tower3_top,4070746269,4.0,4.0,,3227,building_kill,npc_dota_hero_phantom_lancer
npc_dota_badguys_range_rax_top,4070746269,2.0,2.0,,3233,building_kill,npc_dota_hero_tiny
npc_dota_badguys_melee_rax_top,4070746269,4.0,4.0,,3242,building_kill,npc_dota_hero_phantom_lancer
,4070746269,,,2.0,3253,CHAT_MESSAGE_COURIER_LOST,
npc_dota_badguys_tower4,4070746269,2.0,2.0,,3263,building_kill,npc_dota_hero_tiny
npc_dota_badguys_tower4,4070746269,4.0,4.0,,3287,building_kill,npc_dota_hero_phantom_lancer
npc_dota_badguys_fort,4070746269,,,,3322,building_kill,dota_unknown
1,4070838238,128.0,5.0,,-31,CHAT_MESSAGE_FIRSTBLOOD,
npc_dota_goodguys_tower1_top,4070838238,,,,522,building_kill,npc_dota_creep_badguys_melee
npc_dota_goodguys_tower1_mid,4070838238,128.0,5.0,,690,building_kill,npc_dota_hero_arc_warden
npc_dota_goodguys_tower1_bot,4070838238,132.0,9.0,,760,building_kill,npc_dota_hero_furion
npc_dota_goodguys_tower2_bot,4070838238,,,,971,building_kill,npc_dota_badguys_siege
,4070838238,,,3.0,1048,CHAT_MESSAGE_ROSHAN_KILL,
,4070838238,131.0,8.0,,1049,CHAT_MESSAGE_AEGIS,
npc_dota_badguys_tower1_top,4070838238,3.0,3.0,,1074,building_kill,npc_dota_hero_terrorblade
npc_dota_goodguys_tower2_top,4070838238,131.0,8.0,,1296,building_kill,npc_dota_hero_lina
npc_dota_goodguys_tower3_top,4070838238,131.0,8.0,,1311,building_kill,npc_dota_hero_lina
npc_dota_goodguys_melee_rax_top,4070838238,128.0,5.0,,1317,building_kill,npc_dota_hero_arc_warden
npc_dota_goodguys_range_rax_top,4070838238,130.0,7.0,,1321,building_kill,npc_dota_hero_silencer
npc_dota_badguys_tower1_mid,4070838238,129.0,6.0,,1375,building_kill,npc_dota_hero_earthshaker
npc_dota_goodguys_healers,4070838238,128.0,5.0,,1399,building_kill,npc_dota_hero_arc_warden
npc_dota_goodguys_healers,4070838238,130.0,7.0,,1478,building_kill,npc_dota_hero_silencer
npc_dota_badguys_tower1_bot,4070838238,132.0,9.0,,1575,building_kill,npc_dota_hero_furion
npc_dota_goodguys_tower3_bot,4070838238,132.0,9.0,,1770,building_kill,npc_dota_hero_furion
,4070838238,,,3.0,1812,CHAT_MESSAGE_ROSHAN_KILL,
,4070838238,131.0,8.0,,1813,CHAT_MESSAGE_AEGIS,
npc_dota_goodguys_tower2_mid,4070838238,131.0,8.0,,1994,building_kill,npc_dota_hero_lina
,4070838238,,,3.0,2423,CHAT_MESSAGE_ROSHAN_KILL,
,4070838238,131.0,8.0,,2424,CHAT_MESSAGE_AEGIS,
npc_dota_goodguys_melee_rax_bot,4070838238,132.0,9.0,,2687,building_kill,npc_dota_hero_furion
npc_dota_goodguys_range_rax_bot,4070838238,131.0,8.0,,2696,building_kill,npc_dota_hero_lina
npc_dota_goodguys_tower3_mid,4070838238,132.0,9.0,,2704,building_kill,npc_dota_hero_furion
npc_dota_goodguys_melee_rax_mid,4070838238,132.0,9.0,,2728,building_kill,npc_dota_hero_furion
npc_dota_goodguys_range_rax_mid,4070838238,131.0,8.0,,2738,building_kill,npc_dota_hero_lina
npc_dota_goodguys_fort,4070838238,,,,2744,building_kill,dota_unknown
8,4072252473,1.0,1.0,,268,CHAT_MESSAGE_FIRSTBLOOD,
npc_dota_badguys_tower1_mid,4072252473,,,,637,building_kill,npc_dota_goodguys_siege
npc_dota_badguys_tower1_top,4072252473,,,,682,building_kill,npc_dota_goodguys_siege
npc_dota_goodguys_tower1_bot,4072252473,129.0,6.0,,705,building_kill,npc_dota_hero_phantom_lancer
npc_dota_badguys_tower2_top,4072252473,2.0,2.0,,727,building_kill,npc_dota_hero_enchantress
,4072252473,,,3.0,734,CHAT_MESSAGE_COURIER_LOST,
npc_dota_goodguys_tower2_bot,4072252473,129.0,6.0,,1284,building_kill,npc_dota_hero_phantom_lancer
npc_dota_badguys_tower2_mid,4072252473,,,,1291,building_kill,npc_dota_goodguys_siege
,4072252473,,,2.0,1572,CHAT_MESSAGE_ROSHAN_KILL,
,4072252473,1.0,1.0,,1572,CHAT_MESSAGE_AEGIS,
npc_dota_badguys_tower3_mid,4072252473,1.0,1.0,,1711,building_kill,npc_dota_hero_weaver
npc_dota_goodguys_tower1_mid,4072252473,,,,1767,building_kill,npc_dota_creep_badguys_ranged
npc_dota_badguys_healers,4072252473,3.0,3.0,,1853,building_kill,npc_dota_hero_dragon_knight
npc_dota_badguys_tower1_bot,4072252473,3.0,3.0,,1915,building_kill,npc_dota_hero_dragon_knight
,4072252473,,,2.0,1948,CHAT_MESSAGE_COURIER_LOST,
npc_dota_badguys_melee_rax_mid,4072252473,1.0,1.0,,2058,building_kill,npc_dota_hero_weaver
npc_dota_badguys_tower3_top,4072252473,1.0,1.0,,2063,building_kill,npc_dota_hero_weaver
,4072252473,,,3.0,2134,CHAT_MESSAGE_ROSHAN_KILL,
,4072252473,129.0,6.0,,2134,CHAT_MESSAGE_AEGIS,
npc_dota_badguys_range_rax_top,4072252473,1.0,1.0,,2194,building_kill,npc_dota_hero_weaver
npc_dota_badguys_range_rax_mid,4072252473,2.0,2.0,,2198,building_kill,npc_dota_hero_enchantress
npc_dota_goodguys_tower1_top,4072252473,,,,2205,building_kill,npc_dota_creep_badguys_melee
npc_dota_goodguys_tower2_mid,4072252473,129.0,6.0,,2332,building_kill,npc_dota_hero_phantom_lancer
npc_dota_goodguys_tower3_bot,4072252473,129.0,6.0,,2584,building_kill,npc_dota_hero_phantom_lancer
npc_dota_goodguys_melee_rax_bot,4072252473,129.0,6.0,,2616,building_kill,npc_dota_hero_phantom_lancer
npc_dota_goodguys_range_rax_bot,4072252473,,,,2620,building_kill,npc_dota_creep_badguys_melee
npc_dota_goodguys_tower3_mid,4072252473,128.0,5.0,,2640,building_kill,npc_dota_hero_chen
npc_dota_goodguys_fort,4072252473,,,,2670,building_kill,dota_unknown
1,4072354014,132.0,9.0,,15,CHAT_MESSAGE_FIRSTBLOOD,
,4072354014,,,3.0,51,CHAT_MESSAGE_COURIER_LOST,
npc_dota_badguys_tower1_mid,4072354014,,,,371,building_kill,npc_dota_goodguys_siege
npc_dota_badguys_tower1_top,4072354014,,,,428,building_kill,npc_dota_creep_goodguys_melee
npc_dota_goodguys_tower1_bot,4072354014,130.0,7.0,,726,building_kill,npc_dota_hero_furion
,4072354014,,,2.0,743,CHAT_MESSAGE_ROSHAN_KILL,
,4072354014,1.0,1.0,,744,CHAT_MESSAGE_AEGIS,
npc_dota_badguys_tower1_bot,4072354014,4.0,4.0,,978,building_kill,npc_dota_hero_lina
npc_dota_badguys_tower2_bot,4072354014,1.0,1.0,,1004,building_kill,npc_dota_hero_troll_warlord
npc_dota_badguys_tower2_top,4072354014,1.0,1.0,,1113,building_kill,npc_dota_hero_troll_warlord
npc_dota_badguys_tower2_mid,4072354014,132.0,9.0,,1156,building_kill,npc_dota_hero_phoenix
,4072354014,,,2.0,1336,CHAT_MESSAGE_ROSHAN_KILL,
,4072354014,1.0,1.0,,1337,CHAT_MESSAGE_AEGIS,
npc_dota_goodguys_tower2_bot,4072354014,130.0,7.0,,1359,building_kill,npc_dota_hero_furion
npc_dota_badguys_tower3_mid,4072354014,3.0,3.0,,1379,building_kill,npc_dota_hero_venomancer
npc_dota_goodguys_tower1_top,4072354014,130.0,7.0,,1389,building_kill,npc_dota_hero_furion
npc_dota_badguys_healers,4072354014,0.0,0.0,,1562,building_kill,npc_dota_hero_chen
npc_dota_badguys_tower3_bot,4072354014,1.0,1.0,,1690,building_kill,npc_dota_hero_troll_warlord
npc_dota_badguys_melee_rax_bot,4072354014,1.0,1.0,,1703,building_kill,npc_dota_hero_troll_warlord
npc_dota_badguys_range_rax_bot,4072354014,1.0,1.0,,1708,building_kill,npc_dota_hero_troll_warlord
npc_dota_goodguys_tower1_mid,4072354014,130.0,7.0,,1724,building_kill,npc_dota_hero_furion
npc_dota_badguys_melee_rax_mid,4072354014,1.0,1.0,,1807,building_kill,npc_dota_hero_troll_warlord
npc_dota_badguys_range_rax_mid,4072354014,1.0,1.0,,1812,building_kill,npc_dota_hero_troll_warlord
,4072354014,,,2.0,1917,CHAT_MESSAGE_ROSHAN_KILL,
,4072354014,1.0,1.0,,1918,CHAT_MESSAGE_AEGIS,
npc_dota_badguys_tower3_top,4072354014,0.0,0.0,,1968,building_kill,npc_dota_hero_chen
npc_dota_badguys_melee_rax_top,4072354014,1.0,1.0,,1979,building_kill,npc_dota_hero_troll_warlord
npc_dota_badguys_range_rax_top,4072354014,1.0,1.0,,1986,building_kill,npc_dota_hero_troll_warlord
npc_dota_badguys_healers,4072354014,1.0,1.0,,2078,building_kill,npc_dota_hero_troll_warlord
npc_dota_badguys_fort,4072354014,,,,2150,building_kill,dota_unknown
8,4072441405,1.0,1.0,,89,CHAT_MESSAGE_FIRSTBLOOD,
npc_dota_badguys_tower1_top,4072441405,1.0,1.0,,493,building_kill,npc_dota_hero_ursa
npc_dota_goodguys_tower1_bot,4072441405,132.0,9.0,,1013,building_kill,npc_dota_hero_morphling
npc_dota_badguys_tower1_bot,4072441405,3.0,3.0,,1153,building_kill,npc_dota_hero_weaver
npc_dota_goodguys_tower1_mid,4072441405,132.0,9.0,,1214,building_kill,npc_dota_hero_morphling
npc_dota_badguys_tower1_mid,4072441405,1.0,1.0,,1301,building_kill,npc_dota_hero_ursa
,4072441405,,,2.0,1404,CHAT_MESSAGE_ROSHAN_KILL,
,4072441405,1.0,1.0,,1404,CHAT_MESSAGE_AEGIS,
npc_dota_badguys_tower2_top,4072441405,0.0,0.0,,1494,building_kill,npc_dota_hero_alchemist
npc_dota_badguys_tower2_mid,4072441405,3.0,3.0,,1577,building_kill,npc_dota_hero_weaver
npc_dota_badguys_tower2_bot,4072441405,0.0,0.0,,1608,building_kill,npc_dota_hero_alchemist
,4072441405,,,2.0,2034,CHAT_MESSAGE_ROSHAN_KILL,
,4072441405,0.0,0.0,,2035,CHAT_MESSAGE_AEGIS,
npc_dota_badguys_tower3_mid,4072441405,,,,2236,building_kill,npc_dota_creep_goodguys_melee
npc_dota_badguys_melee_rax_mid,4072441405,2.0,2.0,,2249,building_kill,npc_dota_hero_phoenix
npc_dota_badguys_range_rax_mid,4072441405,4.0,4.0,,2252,building_kill,npc_dota_hero_vengefulspirit
npc_dota_badguys_tower3_bot,4072441405,3.0,3.0,,2280,building_kill,npc_dota_hero_weaver
npc_dota_badguys_melee_rax_bot,4072441405,3.0,3.0,,2289,building_kill,npc_dota_hero_weaver
npc_dota_badguys_range_rax_bot,4072441405,0.0,0.0,,2293,building_kill,npc_dota_hero_alchemist
npc_dota_goodguys_tower2_bot,4072441405,,,,2309,building_kill,npc_dota_badguys_siege
npc_dota_badguys_tower3_top,4072441405,3.0,3.0,,2335,building_kill,npc_dota_hero_weaver
npc_dota_badguys_melee_rax_top,4072441405,0.0,0.0,,2346,building_kill,npc_dota_hero_alchemist
npc_dota_goodguys_tower1_top,4072441405,,,,2347,building_kill,npc_dota_badguys_siege
npc_dota_badguys_healers,4072441405,3.0,3.0,,2365,building_kill,npc_dota_hero_weaver
npc_dota_badguys_healers,4072441405,3.0,3.0,,2513,building_kill,npc_dota_hero_weaver
npc_dota_badguys_range_rax_top,4072441405,0.0,0.0,,2554,building_kill,npc_dota_hero_alchemist
npc_dota_badguys_fort,4072441405,,,,2558,building_kill,dota_unknown
8,4072509593,0.0,0.0,,173,CHAT_MESSAGE_FIRSTBLOOD,
npc_dota_goodguys_tower1_bot,4072509593,128.0,5.0,,705,building_kill,npc_dota_hero_gyrocopter
npc_dota_badguys_tower1_top,4072509593,,,,711,building_kill,npc_dota_creep_goodguys_ranged
npc_dota_goodguys_tower1_mid,4072509593,129.0,6.0,,919,building_kill,npc_dota_hero_drow_ranger
,4072509593,,,3.0,1049,CHAT_MESSAGE_ROSHAN_KILL,
,4072509593,131.0,8.0,,1049,CHAT_MESSAGE_AEGIS,
npc_dota_badguys_tower2_top,4072509593,2.0,2.0,,1141,building_kill,npc_dota_hero_necrolyte
npc_dota_goodguys_tower1_top,4072509593,129.0,6.0,,1239,building_kill,npc_dota_hero_drow_ranger
npc_dota_badguys_tower1_bot,4072509593,3.0,3.0,,1518,building_kill,npc_dota_hero_mirana
npc_dota_badguys_tower2_bot,4072509593,,,,1556,building_kill,npc_dota_creep_goodguys_ranged
npc_dota_badguys_tower1_mid,4072509593,3.0,3.0,,1610,building_kill,npc_dota_hero_mirana
,4072509593,,,2.0,1762,CHAT_MESSAGE_ROSHAN_KILL,
,4072509593,3.0,3.0,,1762,CHAT_MESSAGE_AEGIS,
npc_dota_badguys_tower2_mid,4072509593,3.0,3.0,,1898,building_kill,npc_dota_hero_mirana
npc_dota_goodguys_tower2_bot,4072509593,131.0,8.0,,1901,building_kill,npc_dota_hero_weaver
npc_dota_goodguys_tower3_bot,4072509593,,,,2500,building_kill,npc_dota_badguys_siege
,4072509593,,,3.0,2595,CHAT_MESSAGE_ROSHAN_KILL,
,4072509593,131.0,8.0,,2596,CHAT_MESSAGE_AEGIS,
npc_dota_goodguys_healers,4072509593,129.0,6.0,,2641,building_kill,npc_dota_hero_drow_ranger
npc_dota_goodguys_tower2_mid,4072509593,131.0,8.0,,2689,building_kill,npc_dota_hero_weaver
npc_dota_goodguys_healers,4072509593,129.0,6.0,,2690,building_kill,npc_dota_hero_drow_ranger
npc_dota_goodguys_tower2_top,4072509593,129.0,6.0,,2840,building_kill,npc_dota_hero_drow_ranger
npc_dota_badguys_tower3_mid,4072509593,3.0,3.0,,2955,building_kill,npc_dota_hero_mirana
npc_dota_badguys_melee_rax_mid,4072509593,3.0,3.0,,2978,building_kill,npc_dota_hero_mirana
npc_dota_badguys_range_rax_mid,4072509593,2.0,2.0,,2978,building_kill,npc_dota_hero_necrolyte
npc_dota_badguys_tower3_top,4072509593,2.0,2.0,,2989,building_kill,npc_dota_hero_necrolyte
,4072509593,,,3.0,3261,CHAT_MESSAGE_ROSHAN_KILL,
,4072509593,128.0,5.0,,3261,CHAT_MESSAGE_AEGIS,
npc_dota_goodguys_tower3_mid,4072509593,128.0,5.0,,3341,building_kill,npc_dota_hero_gyrocopter
npc_dota_goodguys_melee_rax_mid,4072509593,,,,3347,building_kill,npc_dota_badguys_siege
npc_dota_goodguys_range_rax_mid,4072509593,129.0,6.0,,3349,building_kill,npc_dota_hero_drow_ranger
npc_dota_goodguys_tower3_top,4072509593,129.0,6.0,,3384,building_kill,npc_dota_hero_drow_ranger
,4072509593,,,2.0,3401,CHAT_MESSAGE_COURIER_LOST,
npc_dota_goodguys_range_rax_bot,4072509593,,,,3402,building_kill,npc_dota_badguys_siege
npc_dota_goodguys_melee_rax_top,4072509593,128.0,5.0,,3427,building_kill,npc_dota_hero_gyrocopter
npc_dota_goodguys_range_rax_top,4072509593,129.0,6.0,,3428,building_kill,npc_dota_hero_drow_ranger
npc_dota_goodguys_melee_rax_bot,4072509593,131.0,8.0,,3441,building_kill,npc_dota_hero_weaver
npc_dota_goodguys_tower4,4072509593,129.0,6.0,,3482,building_kill,npc_dota_hero_drow_ranger
npc_dota_goodguys_tower4,4072509593,128.0,5.0,,3488,building_kill,npc_dota_hero_gyrocopter
npc_dota_goodguys_fort,4072509593,,,,3489,building_kill,dota_unknown
5,4072586507,3.0,3.0,,145,CHAT_MESSAGE_FIRSTBLOOD,
npc_dota_badguys_tower1_top,4072586507,3.0,3.0,,630,building_kill,npc_dota_hero_brewmaster
npc_dota_badguys_tower2_top,4072586507,3.0,3.0,,704,building_kill,npc_dota_hero_brewmaster
npc_dota_badguys_tower1_mid,4072586507,4.0,4.0,,866,building_kill,npc_dota_hero_jakiro
npc_dota_goodguys_tower1_bot,4072586507,,,,974,building_kill,npc_dota_creep_badguys_melee
npc_dota_badguys_tower1_bot,4072586507,3.0,3.0,,1063,building_kill,npc_dota_hero_brewmaster
,4072586507,,,2.0,1117,CHAT_MESSAGE_ROSHAN_KILL,
,4072586507,0.0,0.0,,1117,CHAT_MESSAGE_AEGIS,
npc_dota_badguys_tower2_bot,4072586507,3.0,3.0,,1227,building_kill,npc_dota_hero_brewmaster
,4072586507,,,2.0,1923,CHAT_MESSAGE_ROSHAN_KILL,
,4072586507,1.0,1.0,,1924,CHAT_MESSAGE_AEGIS,
npc_dota_goodguys_tower1_top,4072586507,,,,1929,building_kill,npc_dota_badguys_siege
npc_dota_badguys_tower2_mid,4072586507,3.0,3.0,,1964,building_kill,npc_dota_hero_brewmaster
npc_dota_badguys_tower3_mid,4072586507,1.0,1.0,,2047,building_kill,npc_dota_hero_vengefulspirit
npc_dota_badguys_melee_rax_mid,4072586507,0.0,0.0,,2055,building_kill,npc_dota_hero_storm_spirit
npc_dota_badguys_range_rax_mid,4072586507,3.0,3.0,,2059,building_kill,npc_dota_hero_brewmaster
npc_dota_badguys_healers,4072586507,0.0,0.0,,2091,building_kill,npc_dota_hero_storm_spirit
npc_dota_badguys_tower3_top,4072586507,3.0,3.0,,2235,building_kill,npc_dota_hero_brewmaster
npc_dota_badguys_melee_rax_top,4072586507,0.0,0.0,,2242,building_kill,npc_dota_hero_storm_spirit
npc_dota_badguys_range_rax_top,4072586507,0.0,0.0,,2244,building_kill,npc_dota_hero_storm_spirit
npc_dota_badguys_tower3_bot,4072586507,2.0,2.0,,2262,building_kill,npc_dota_hero_spectre
npc_dota_badguys_melee_rax_bot,4072586507,3.0,3.0,,2274,building_kill,npc_dota_hero_brewmaster
npc_dota_badguys_range_rax_bot,4072586507,3.0,3.0,,2283,building_kill,npc_dota_hero_brewmaster
npc_dota_badguys_fort,4072586507,,,,2304,building_kill,dota_unknown
0,4072635180,128.0,5.0,,-32,CHAT_MESSAGE_FIRSTBLOOD,
npc_dota_badguys_tower1_bot,4072635180,2.0,2.0,,788,building_kill,npc_dota_hero_phantom_lancer
npc_dota_badguys_tower1_mid,4072635180,3.0,3.0,,848,building_kill,npc_dota_hero_bloodseeker
npc_dota_goodguys_tower1_top,4072635180,,,,984,building_kill,npc_dota_badguys_siege
,4072635180,,,3.0,1243,CHAT_MESSAGE_ROSHAN_KILL,
,4072635180,130.0,7.0,,1243,CHAT_MESSAGE_AEGIS,
npc_dota_goodguys_tower1_bot,4072635180,132.0,9.0,,1316,building_kill,npc_dota_hero_vengefulspirit
npc_dota_goodguys_tower2_bot,4072635180,128.0,5.0,,1365,building_kill,npc_dota_hero_alchemist
npc_dota_goodguys_tower1_mid,4072635180,,,,1418,building_kill,npc_dota_creep_badguys_melee
npc_dota_badguys_tower1_top,4072635180,,,,1858,building_kill,npc_dota_goodguys_siege
,4072635180,,,3.0,1894,CHAT_MESSAGE_ROSHAN_KILL,
,4072635180,128.0,5.0,,1894,CHAT_MESSAGE_AEGIS,
npc_dota_badguys_tower2_top,4072635180,2.0,2.0,,2002,building_kill,npc_dota_hero_phantom_lancer
npc_dota_goodguys_tower2_mid,4072635180,128.0,5.0,,2023,building_kill,npc_dota_hero_alchemist
npc_dota_goodguys_tower3_bot,4072635180,130.0,7.0,,2203,building_kill,npc_dota_hero_ursa
npc_dota_goodguys_tower2_top,4072635180,,,,2212,building_kill,npc_dota_badguys_siege
npc_dota_goodguys_melee_rax_bot,4072635180,128.0,5.0,,2215,building_kill,npc_dota_hero_alchemist
npc_dota_goodguys_range_rax_bot,4072635180,131.0,8.0,,2218,building_kill,npc_dota_hero_phoenix
npc_dota_goodguys_tower3_mid,4072635180,130.0,7.0,,2237,building_kill,npc_dota_hero_ursa
npc_dota_goodguys_melee_rax_mid,4072635180,130.0,7.0,,2259,building_kill,npc_dota_hero_ursa
npc_dota_goodguys_range_rax_mid,4072635180,,,,2264,building_kill,npc_dota_creep_badguys_melee
npc_dota_goodguys_tower3_top,4072635180,130.0,7.0,,2288,building_kill,npc_dota_hero_ursa
npc_dota_goodguys_melee_rax_top,4072635180,130.0,7.0,,2309,building_kill,npc_dota_hero_ursa
npc_dota_goodguys_range_rax_top,4072635180,129.0,6.0,,2313,building_kill,npc_dota_hero_nyx_assassin
npc_dota_goodguys_tower4,4072635180,128.0,5.0,,2326,building_kill,npc_dota_hero_alchemist
npc_dota_goodguys_fort,4072635180,,,,2328,building_kill,dota_unknown
8,4072699199,3.0,3.0,,171,CHAT_MESSAGE_FIRSTBLOOD,
npc_dota_goodguys_tower1_bot,4072699199,132.0,9.0,,504,building_kill,npc_dota_hero_dragon_knight
npc_dota_badguys_tower1_top,4072699199,1.0,1.0,,954,building_kill,npc_dota_hero_clinkz
,4072699199,,,3.0,1000,CHAT_MESSAGE_COURIER_LOST,
npc_dota_goodguys_tower2_bot,4072699199,128.0,5.0,,1031,building_kill,npc_dota_hero_skeleton_king
npc_dota_goodguys_tower1_mid,4072699199,130.0,7.0,,1033,building_kill,npc_dota_hero_necrolyte
npc_dota_badguys_tower1_mid,4072699199,3.0,3.0,,1100,building_kill,npc_dota_hero_weaver
npc_dota_goodguys_tower1_top,4072699199,128.0,5.0,,1198,building_kill,npc_dota_hero_skeleton_king
,4072699199,,,2.0,1247,CHAT_MESSAGE_ROSHAN_KILL,
,4072699199,1.0,1.0,,1247,CHAT_MESSAGE_AEGIS,
npc_dota_badguys_tower2_top,4072699199,2.0,2.0,,1628,building_kill,npc_dota_hero_invoker
npc_dota_badguys_tower1_bot,4072699199,1.0,1.0,,1786,building_kill,npc_dota_hero_clinkz
npc_dota_badguys_tower2_bot,4072699199,1.0,1.0,,1807,building_kill,npc_dota_hero_clinkz
npc_dota_badguys_tower2_mid,4072699199,,,,1865,building_kill,npc_dota_goodguys_siege
,4072699199,,,2.0,1898,CHAT_MESSAGE_ROSHAN_KILL,
,4072699199,3.0,3.0,,1899,CHAT_MESSAGE_AEGIS,
npc_dota_badguys_tower3_mid,4072699199,1.0,1.0,,2093,building_kill,npc_dota_hero_clinkz
npc_dota_badguys_healers,4072699199,1.0,1.0,,2109,building_kill,npc_dota_hero_clinkz
npc_dota_badguys_range_rax_mid,4072699199,3.0,3.0,,2193,building_kill,npc_dota_hero_weaver
npc_dota_goodguys_tower2_mid,4072699199,128.0,5.0,,2265,building_kill,npc_dota_hero_skeleton_king
,4072699199,,,2.0,2459,CHAT_MESSAGE_ROSHAN_KILL,
,4072699199,3.0,3.0,,2459,CHAT_MESSAGE_AEGIS,
npc_dota_badguys_healers,4072699199,3.0,3.0,,2618,building_kill,npc_dota_hero_weaver
npc_dota_badguys_tower4,4072699199,3.0,3.0,,3094,building_kill,npc_dota_hero_weaver
npc_dota_badguys_fort,4072699199,,,,3097,building_kill,dota_unknown
0,4072772695,128.0,5.0,,11,CHAT_MESSAGE_FIRSTBLOOD,
npc_dota_badguys_tower1_mid,4072772695,2.0,2.0,,410,building_kill,npc_dota_hero_clinkz
npc_dota_badguys_tower1_bot,4072772695,2.0,2.0,,695,building_kill,npc_dota_hero_clinkz
,4072772695,,,2.0,831,CHAT_MESSAGE_ROSHAN_KILL,
,4072772695,1.0,1.0,,831,CHAT_MESSAGE_AEGIS,
npc_dota_badguys_tower1_top,4072772695,1.0,1.0,,997,building_kill,npc_dota_hero_ursa
npc_dota_goodguys_tower1_bot,4072772695,,,,1028,building_kill,npc_dota_creep_badguys_melee
npc_dota_badguys_tower2_top,4072772695,3.0,3.0,,1039,building_kill,npc_dota_hero_enigma
npc_dota_badguys_tower2_bot,4072772695,2.0,2.0,,1119,building_kill,npc_dota_hero_clinkz
npc_dota_goodguys_tower1_top,4072772695,130.0,7.0,,1142,building_kill,npc_dota_hero_troll_warlord
npc_dota_badguys_tower3_bot,4072772695,3.0,3.0,,1151,building_kill,npc_dota_hero_enigma
npc_dota_badguys_tower2_mid,4072772695,,,,1324,building_kill,npc_dota_creep_goodguys_melee
npc_dota_goodguys_tower1_mid,4072772695,,,,1573,building_kill,npc_dota_creep_badguys_melee
,4072772695,,,2.0,1671,CHAT_MESSAGE_ROSHAN_KILL,
,4072772695,1.0,1.0,,1672,CHAT_MESSAGE_AEGIS,
npc_dota_badguys_melee_rax_bot,4072772695,2.0,2.0,,1752,building_kill,npc_dota_hero_clinkz
npc_dota_badguys_healers,4072772695,3.0,3.0,,1767,building_kill,npc_dota_hero_enigma
npc_dota_badguys_tower3_top,4072772695,4.0,4.0,,1960,building_kill,npc_dota_hero_earthshaker
npc_dota_badguys_melee_rax_top,4072772695,2.0,2.0,,1968,building_kill,npc_dota_hero_clinkz
npc_dota_badguys_tower3_mid,4072772695,2.0,2.0,,1976,building_kill,npc_dota_hero_clinkz
npc_dota_badguys_healers,4072772695,2.0,2.0,,2000,building_kill,npc_dota_hero_clinkz
npc_dota_badguys_fort,4072772695,,,,2137,building_kill,dota_unknown
4,4076043995,131.0,8.0,,312,CHAT_MESSAGE_FIRSTBLOOD,
npc_dota_goodguys_tower1_bot,4076043995,131.0,8.0,,729,building_kill,npc_dota_hero_enchantress
npc_dota_badguys_tower1_mid,4076043995,,,,793,building_kill,npc_dota_creep_goodguys_melee
npc_dota_badguys_tower1_top,4076043995,0.0,0.0,,888,building_kill,npc_dota_hero_huskar
,4076043995,,,2.0,1029,CHAT_MESSAGE_ROSHAN_KILL,
,4076043995,0.0,0.0,,1029,CHAT_MESSAGE_AEGIS,
npc_dota_badguys_tower1_bot,4076043995,0.0,0.0,,1187,building_kill,npc_dota_hero_huskar
npc_dota_badguys_tower2_mid,4076043995,0.0,0.0,,1294,building_kill,npc_dota_hero_huskar
npc_dota_badguys_tower2_top,4076043995,0.0,0.0,,1476,building_kill,npc_dota_hero_huskar
,4076043995,,,2.0,1686,CHAT_MESSAGE_ROSHAN_KILL,
,4076043995,0.0,0.0,,1686,CHAT_MESSAGE_AEGIS,
npc_dota_badguys_tower2_bot,4076043995,0.0,0.0,,1718,building_kill,npc_dota_hero_huskar
npc_dota_badguys_tower3_bot,4076043995,0.0,0.0,,1794,building_kill,npc_dota_hero_huskar
npc_dota_badguys_melee_rax_bot,4076043995,0.0,0.0,,1800,building_kill,npc_dota_hero_huskar
npc_dota_badguys_range_rax_bot,4076043995,2.0,2.0,,1803,building_kill,npc_dota_hero_clinkz
npc_dota_badguys_healers,4076043995,3.0,3.0,,1829,building_kill,npc_dota_hero_necrolyte
npc_dota_badguys_fort,4076043995,,,,1873,building_kill,dota_unknown
9,4076114893,2.0,2.0,,107,CHAT_MESSAGE_FIRSTBLOOD,
npc_dota_goodguys_tower1_bot,4076114893,129.0,6.0,,555,building_kill,npc_dota_hero_broodmother
npc_dota_badguys_tower1_top,4076114893,132.0,9.0,,651,building_kill,npc_dota_hero_dark_willow
npc_dota_goodguys_tower1_mid,4076114893,2.0,2.0,,938,building_kill,npc_dota_hero_drow_ranger
npc_dota_goodguys_tower2_bot,4076114893,129.0,6.0,,1017,building_kill,npc_dota_hero_broodmother
npc_dota_goodguys_tower1_top,4076114893,131.0,8.0,,1230,building_kill,npc_dota_hero_tiny
,4076114893,,,3.0,1254,CHAT_MESSAGE_ROSHAN_KILL,
,4076114893,129.0,6.0,,1254,CHAT_MESSAGE_AEGIS,
npc_dota_badguys_tower1_bot,4076114893,0.0,0.0,,1272,building_kill,npc_dota_hero_alchemist
npc_dota_goodguys_tower2_mid,4076114893,129.0,6.0,,1351,building_kill,npc_dota_hero_broodmother
npc_dota_goodguys_tower2_top,4076114893,130.0,7.0,,1712,building_kill,npc_dota_hero_bloodseeker
npc_dota_badguys_tower2_top,4076114893,,,,1893,building_kill,npc_dota_goodguys_siege
npc_dota_badguys_tower2_bot,4076114893,,,,1921,building_kill,npc_dota_goodguys_siege
,4076114893,,,2.0,2056,CHAT_MESSAGE_ROSHAN_KILL,
,4076114893,0.0,0.0,,2057,CHAT_MESSAGE_AEGIS,
npc_dota_goodguys_tower3_mid,4076114893,129.0,6.0,,2123,building_kill,npc_dota_hero_broodmother
npc_dota_goodguys_range_rax_mid,4076114893,131.0,8.0,,2141,building_kill,npc_dota_hero_tiny
npc_dota_goodguys_melee_rax_mid,4076114893,131.0,8.0,,2147,building_kill,npc_dota_hero_tiny
npc_dota_goodguys_tower3_bot,4076114893,130.0,7.0,,2160,building_kill,npc_dota_hero_bloodseeker
npc_dota_goodguys_melee_rax_bot,4076114893,128.0,5.0,,2166,building_kill,npc_dota_hero_bane
npc_dota_goodguys_range_rax_bot,4076114893,130.0,7.0,,2171,building_kill,npc_dota_hero_bloodseeker
npc_dota_goodguys_healers,4076114893,131.0,8.0,,2204,building_kill,npc_dota_hero_tiny
npc_dota_goodguys_healers,4076114893,131.0,8.0,,2335,building_kill,npc_dota_hero_tiny
npc_dota_goodguys_tower3_top,4076114893,130.0,7.0,,2405,building_kill,npc_dota_hero_bloodseeker
npc_dota_goodguys_melee_rax_top,4076114893,130.0,7.0,,2417,building_kill,npc_dota_hero_bloodseeker
npc_dota_goodguys_range_rax_top,4076114893,131.0,8.0,,2428,building_kill,npc_dota_hero_tiny
npc_dota_goodguys_tower4,4076114893,131.0,8.0,,2454,building_kill,npc_dota_hero_tiny
npc_dota_goodguys_tower4,4076114893,131.0,8.0,,2541,building_kill,npc_dota_hero_tiny
npc_dota_goodguys_fort,4076114893,130.0,7.0,,2566,building_kill,npc_dota_hero_bloodseeker
1,4076188379,129.0,6.0,,94,CHAT_MESSAGE_FIRSTBLOOD,
npc_dota_badguys_tower1_top,4076188379,130.0,7.0,,456,building_kill,npc_dota_hero_clinkz
npc_dota_goodguys_tower1_top,4076188379,130.0,7.0,,693,building_kill,npc_dota_hero_clinkz
npc_dota_badguys_tower1_mid,4076188379,2.0,2.0,,940,building_kill,npc_dota_hero_tiny
npc_dota_badguys_tower2_mid,4076188379,,,,993,building_kill,npc_dota_creep_goodguys_ranged
npc_dota_goodguys_tower1_bot,4076188379,,,,1090,building_kill,npc_dota_creep_badguys_melee
,4076188379,,,2.0,1151,CHAT_MESSAGE_ROSHAN_KILL,
,4076188379,1.0,1.0,,1151,CHAT_MESSAGE_AEGIS,
npc_dota_badguys_tower1_bot,4076188379,,,,1214,building_kill,npc_dota_creep_goodguys_melee
npc_dota_badguys_tower2_bot,4076188379,1.0,1.0,,1254,building_kill,npc_dota_hero_necrolyte
npc_dota_badguys_tower3_mid,4076188379,2.0,2.0,,1367,building_kill,npc_dota_hero_tiny
npc_dota_badguys_range_rax_mid,4076188379,1.0,1.0,,1383,building_kill,npc_dota_hero_necrolyte
npc_dota_badguys_melee_rax_mid,4076188379,3.0,3.0,,1455,building_kill,npc_dota_hero_skeleton_king
npc_dota_badguys_tower3_bot,4076188379,1.0,1.0,,1495,building_kill,npc_dota_hero_necrolyte
npc_dota_badguys_melee_rax_bot,4076188379,1.0,1.0,,1507,building_kill,npc_dota_hero_necrolyte
npc_dota_badguys_range_rax_bot,4076188379,3.0,3.0,,1516,building_kill,npc_dota_hero_skeleton_king
npc_dota_badguys_fort,4076188379,,,,1554,building_kill,dota_unknown
0,4076257095,129.0,6.0,,227,CHAT_MESSAGE_FIRSTBLOOD,
npc_dota_badguys_tower1_mid,4076257095,4.0,4.0,,351,building_kill,npc_dota_hero_clinkz
npc_dota_badguys_tower1_top,4076257095,4.0,4.0,,579,building_kill,npc_dota_hero_clinkz
npc_dota_badguys_tower1_bot,4076257095,4.0,4.0,,780,building_kill,npc_dota_hero_clinkz
npc_dota_goodguys_tower1_top,4076257095,131.0,8.0,,837,building_kill,npc_dota_hero_templar_assassin
,4076257095,,,2.0,967,CHAT_MESSAGE_ROSHAN_KILL,
,4076257095,1.0,1.0,,968,CHAT_MESSAGE_AEGIS,
npc_dota_goodguys_tower1_bot,4076257095,,,,968,building_kill,npc_dota_badguys_siege
npc_dota_badguys_tower2_top,4076257095,1.0,1.0,,1042,building_kill,npc_dota_hero_meepo
npc_dota_badguys_tower2_mid,4076257095,1.0,1.0,,1162,building_kill,npc_dota_hero_meepo
npc_dota_badguys_tower2_bot,4076257095,4.0,4.0,,1211,building_kill,npc_dota_hero_clinkz
npc_dota_badguys_tower3_bot,4076257095,1.0,1.0,,1255,building_kill,npc_dota_hero_meepo
npc_dota_badguys_melee_rax_bot,4076257095,1.0,1.0,,1265,building_kill,npc_dota_hero_meepo
npc_dota_goodguys_tower2_bot,4076257095,,,,1590,building_kill,npc_dota_creep_badguys_melee
npc_dota_badguys_tower3_mid,4076257095,1.0,1.0,,1596,building_kill,npc_dota_hero_meepo
npc_dota_badguys_melee_rax_mid,4076257095,1.0,1.0,,1602,building_kill,npc_dota_hero_meepo
,4076257095,,,2.0,1739,CHAT_MESSAGE_ROSHAN_KILL,
,4076257095,1.0,1.0,,1739,CHAT_MESSAGE_AEGIS,
npc_dota_badguys_healers,4076257095,1.0,1.0,,1797,building_kill,npc_dota_hero_meepo
npc_dota_badguys_healers,4076257095,1.0,1.0,,1869,building_kill,npc_dota_hero_meepo
npc_dota_badguys_tower3_top,4076257095,1.0,1.0,,1922,building_kill,npc_dota_hero_meepo
npc_dota_badguys_melee_rax_top,4076257095,1.0,1.0,,1963,building_kill,npc_dota_hero_meepo
npc_dota_badguys_range_rax_top,4076257095,1.0,1.0,,1966,building_kill,npc_dota_hero_meepo
npc_dota_badguys_range_rax_mid,4076257095,,,,1973,building_kill,npc_dota_creep_goodguys_melee_upgraded
npc_dota_badguys_range_rax_bot,4076257095,1.0,1.0,,1975,building_kill,npc_dota_hero_meepo
npc_dota_badguys_fort,4076257095,,,,1978,building_kill,dota_unknown
2,4076314248,132.0,9.0,,77,CHAT_MESSAGE_FIRSTBLOOD,
npc_dota_badguys_tower1_mid,4076314248,4.0,4.0,,485,building_kill,npc_dota_hero_clinkz
npc_dota_goodguys_tower1_bot,4076314248,130.0,7.0,,680,building_kill,npc_dota_hero_tiny
npc_dota_badguys_tower1_top,4076314248,4.0,4.0,,769,building_kill,npc_dota_hero_clinkz
npc_dota_goodguys_tower1_mid,4076314248,129.0,6.0,,784,building_kill,npc_dota_hero_medusa
npc_dota_badguys_tower1_bot,4076314248,4.0,4.0,,992,building_kill,npc_dota_hero_clinkz
,4076314248,,,2.0,1137,CHAT_MESSAGE_ROSHAN_KILL,
,4076314248,1.0,1.0,,1138,CHAT_MESSAGE_AEGIS,
npc_dota_badguys_tower2_top,4076314248,4.0,4.0,,1210,building_kill,npc_dota_hero_clinkz
npc_dota_badguys_tower2_mid,4076314248,1.0,1.0,,1299,building_kill,npc_dota_hero_terrorblade
npc_dota_goodguys_tower2_mid,4076314248,131.0,8.0,,1656,building_kill,npc_dota_hero_mirana
npc_dota_goodguys_tower1_top,4076314248,129.0,6.0,,2033,building_kill,npc_dota_hero_medusa
npc_dota_badguys_tower2_bot,4076314248,,,,2047,building_kill,npc_dota_goodguys_siege
,4076314248,,,3.0,2232,CHAT_MESSAGE_ROSHAN_KILL,
,4076314248,131.0,8.0,,2233,CHAT_MESSAGE_AEGIS,
npc_dota_goodguys_tower2_bot,4076314248,131.0,8.0,,2273,building_kill,npc_dota_hero_mirana
npc_dota_goodguys_tower2_top,4076314248,129.0,6.0,,2411,building_kill,npc_dota_hero_medusa
npc_dota_goodguys_tower3_mid,4076314248,129.0,6.0,,2830,building_kill,npc_dota_hero_medusa
npc_dota_goodguys_melee_rax_mid,4076314248,129.0,6.0,,2843,building_kill,npc_dota_hero_medusa
npc_dota_badguys_tower3_top,4076314248,4.0,4.0,,2844,building_kill,npc_dota_hero_clinkz
,4076314248,,,2.0,3023,CHAT_MESSAGE_ROSHAN_KILL,
,4076314248,1.0,1.0,,3023,CHAT_MESSAGE_AEGIS,
npc_dota_badguys_tower3_mid,4076314248,1.0,1.0,,3106,building_kill,npc_dota_hero_terrorblade
npc_dota_badguys_range_rax_top,4076314248,4.0,4.0,,3108,building_kill,npc_dota_hero_clinkz
npc_dota_badguys_range_rax_mid,4076314248,1.0,1.0,,3113,building_kill,npc_dota_hero_terrorblade
npc_dota_badguys_melee_rax_top,4076314248,4.0,4.0,,3116,building_kill,npc_dota_hero_clinkz
npc_dota_badguys_healers,4076314248,4.0,4.0,,3134,building_kill,npc_dota_hero_clinkz
npc_dota_badguys_healers,4076314248,4.0,4.0,,3180,building_kill,npc_dota_hero_clinkz
npc_dota_badguys_melee_rax_mid,4076314248,4.0,4.0,,3264,building_kill,npc_dota_hero_clinkz
npc_dota_badguys_tower4,4076314248,,,,3276,building_kill,npc_dota_creep_goodguys_melee_upgraded
npc_dota_badguys_tower4,4076314248,1.0,1.0,,3299,building_kill,npc_dota_hero_terrorblade
npc_dota_badguys_fort,4076314248,4.0,4.0,,3320,building_kill,npc_dota_hero_clinkz
0,4076431752,131.0,8.0,,214,CHAT_MESSAGE_FIRSTBLOOD,
npc_dota_goodguys_tower1_bot,4076431752,131.0,8.0,,375,building_kill,npc_dota_hero_pugna
npc_dota_goodguys_tower1_top,4076431752,3.0,3.0,,783,building_kill,npc_dota_hero_mirana
npc_dota_goodguys_tower1_mid,4076431752,131.0,8.0,,827,building_kill,npc_dota_hero_pugna
npc_dota_badguys_tower1_top,4076431752,,,,1097,building_kill,npc_dota_creep_goodguys_melee
npc_dota_badguys_tower1_mid,4076431752,,,,1292,building_kill,npc_dota_creep_goodguys_ranged
npc_dota_goodguys_tower2_bot,4076431752,128.0,5.0,,1353,building_kill,npc_dota_hero_storm_spirit
,4076431752,,,3.0,1775,CHAT_MESSAGE_ROSHAN_KILL,
,4076431752,128.0,5.0,,1776,CHAT_MESSAGE_AEGIS,
npc_dota_goodguys_tower2_top,4076431752,132.0,9.0,,1837,building_kill,npc_dota_hero_chen
npc_dota_goodguys_tower2_mid,4076431752,129.0,6.0,,1840,building_kill,npc_dota_hero_drow_ranger
npc_dota_goodguys_tower3_top,4076431752,132.0,9.0,,1996,building_kill,npc_dota_hero_chen
npc_dota_goodguys_tower3_mid,4076431752,131.0,8.0,,2024,building_kill,npc_dota_hero_pugna
npc_dota_goodguys_melee_rax_mid,4076431752,131.0,8.0,,2119,building_kill,npc_dota_hero_pugna
npc_dota_goodguys_range_rax_mid,4076431752,129.0,6.0,,2119,building_kill,npc_dota_hero_drow_ranger
npc_dota_goodguys_fort,4076431752,,,,2120,building_kill,dota_unknown
0,4076485641,132.0,9.0,,127,CHAT_MESSAGE_FIRSTBLOOD,
npc_dota_goodguys_tower1_top,4076485641,130.0,7.0,,723,building_kill,npc_dota_hero_pugna
npc_dota_goodguys_tower1_bot,4076485641,130.0,7.0,,821,building_kill,npc_dota_hero_pugna
npc_dota_goodguys_tower1_mid,4076485641,130.0,7.0,,882,building_kill,npc_dota_hero_pugna
npc_dota_badguys_tower1_top,4076485641,1.0,1.0,,886,building_kill,npc_dota_hero_mirana
npc_dota_badguys_tower1_mid,4076485641,1.0,1.0,,1098,building_kill,npc_dota_hero_mirana
npc_dota_badguys_tower2_top,4076485641,131.0,8.0,,1669,building_kill,npc_dota_hero_tiny
,4076485641,,,2.0,1836,CHAT_MESSAGE_ROSHAN_KILL,
,4076485641,0.0,0.0,,1836,CHAT_MESSAGE_AEGIS,
npc_dota_badguys_tower2_mid,4076485641,0.0,0.0,,1874,building_kill,npc_dota_hero_alchemist
npc_dota_goodguys_tower2_bot,4076485641,,,,1892,building_kill,npc_dota_badguys_siege
npc_dota_badguys_tower1_bot,4076485641,1.0,1.0,,1981,building_kill,npc_dota_hero_mirana
npc_dota_badguys_tower2_bot,4076485641,3.0,3.0,,2016,building_kill,npc_dota_hero_venomancer
npc_dota_badguys_tower3_bot,4076485641,0.0,0.0,,2380,building_kill,npc_dota_hero_alchemist
npc_dota_badguys_melee_rax_bot,4076485641,0.0,0.0,,2391,building_kill,npc_dota_hero_alchemist
npc_dota_badguys_range_rax_bot,4076485641,1.0,1.0,,2395,building_kill,npc_dota_hero_mirana
,4076485641,,,2.0,2445,CHAT_MESSAGE_ROSHAN_KILL,
,4076485641,1.0,1.0,,2446,CHAT_MESSAGE_AEGIS,
npc_dota_badguys_tower3_mid,4076485641,1.0,1.0,,2508,building_kill,npc_dota_hero_mirana
npc_dota_badguys_healers,4076485641,0.0,0.0,,2618,building_kill,npc_dota_hero_alchemist
npc_dota_badguys_tower3_top,4076485641,1.0,1.0,,2730,building_kill,npc_dota_hero_mirana
npc_dota_badguys_range_rax_top,4076485641,,,,2779,building_kill,npc_dota_creep_goodguys_melee
npc_dota_badguys_melee_rax_top,4076485641,1.0,1.0,,2797,building_kill,npc_dota_hero_mirana
npc_dota_badguys_range_rax_mid,4076485641,0.0,0.0,,2797,building_kill,npc_dota_hero_alchemist
npc_dota_badguys_fort,4076485641,,,,2802,building_kill,dota_unknown
,4074178274,,,2.0,35,CHAT_MESSAGE_COURIER_LOST,
0,4074178274,131.0,8.0,,252,CHAT_MESSAGE_FIRSTBLOOD,
npc_dota_goodguys_tower1_bot,4074178274,129.0,6.0,,678,building_kill,npc_dota_hero_drow_ranger
npc_dota_goodguys_tower1_top,4074178274,130.0,7.0,,809,building_kill,npc_dota_hero_abyssal_underlord
npc_dota_badguys_tower1_top,4074178274,,,,889,building_kill,npc_dota_creep_goodguys_melee
npc_dota_goodguys_tower1_mid,4074178274,129.0,6.0,,1052,building_kill,npc_dota_hero_drow_ranger
npc_dota_badguys_tower1_bot,4074178274,,,,1063,building_kill,npc_dota_creep_goodguys_melee
,4074178274,,,3.0,1135,CHAT_MESSAGE_ROSHAN_KILL,
,4074178274,129.0,6.0,,1135,CHAT_MESSAGE_AEGIS,
npc_dota_goodguys_tower2_mid,4074178274,,,,1276,building_kill,npc_dota_creep_badguys_melee
npc_dota_goodguys_tower2_bot,4074178274,131.0,8.0,,1499,building_kill,npc_dota_hero_mirana
npc_dota_badguys_tower1_mid,4074178274,4.0,4.0,,1545,building_kill,npc_dota_hero_lycan
npc_dota_goodguys_tower3_mid,4074178274,129.0,6.0,,1794,building_kill,npc_dota_hero_drow_ranger
npc_dota_goodguys_melee_rax_mid,4074178274,130.0,7.0,,1859,building_kill,npc_dota_hero_abyssal_underlord
npc_dota_goodguys_range_rax_mid,4074178274,131.0,8.0,,1863,building_kill,npc_dota_hero_mirana
npc_dota_goodguys_tower3_bot,4074178274,130.0,7.0,,1871,building_kill,npc_dota_hero_abyssal_underlord
npc_dota_goodguys_melee_rax_bot,4074178274,129.0,6.0,,1877,building_kill,npc_dota_hero_drow_ranger
npc_dota_goodguys_range_rax_bot,4074178274,129.0,6.0,,1879,building_kill,npc_dota_hero_drow_ranger
,4074178274,,,3.0,1906,CHAT_MESSAGE_ROSHAN_KILL,
,4074178274,129.0,6.0,,1907,CHAT_MESSAGE_AEGIS,
npc_dota_goodguys_healers,4074178274,130.0,7.0,,1940,building_kill,npc_dota_hero_abyssal_underlord
npc_dota_goodguys_tower2_top,4074178274,129.0,6.0,,1946,building_kill,npc_dota_hero_drow_ranger
npc_dota_goodguys_fort,4074178274,,,,1986,building_kill,dota_unknown
4,4074255285,131.0,8.0,,108,CHAT_MESSAGE_FIRSTBLOOD,
,4074255285,,,3.0,506,CHAT_MESSAGE_COURIER_LOST,
npc_dota_badguys_tower1_mid,4074255285,130.0,7.0,,663,building_kill,npc_dota_hero_tiny
npc_dota_badguys_tower1_top,4074255285,1.0,1.0,,674,building_kill,npc_dota_hero_drow_ranger
npc_dota_badguys_tower2_top,4074255285,1.0,1.0,,846,building_kill,npc_dota_hero_drow_ranger
npc_dota_badguys_tower1_bot,4074255285,2.0,2.0,,922,building_kill,npc_dota_hero_weaver
npc_dota_goodguys_tower1_top,4074255285,132.0,9.0,,961,building_kill,npc_dota_hero_troll_warlord
npc_dota_badguys_tower2_bot,4074255285,,,,966,building_kill,npc_dota_goodguys_siege
npc_dota_badguys_tower2_mid,4074255285,130.0,7.0,,991,building_kill,npc_dota_hero_tiny
,4074255285,,,2.0,1003,CHAT_MESSAGE_ROSHAN_KILL,
,4074255285,1.0,1.0,,1003,CHAT_MESSAGE_AEGIS,
npc_dota_goodguys_tower1_bot,4074255285,132.0,9.0,,1402,building_kill,npc_dota_hero_troll_warlord
,4074255285,,,2.0,1478,CHAT_MESSAGE_COURIER_LOST,
npc_dota_badguys_tower3_mid,4074255285,2.0,2.0,,1614,building_kill,npc_dota_hero_weaver
npc_dota_badguys_melee_rax_mid,4074255285,3.0,3.0,,1621,building_kill,npc_dota_hero_venomancer
npc_dota_badguys_tower3_bot,4074255285,,,,1622,building_kill,npc_dota_creep_goodguys_ranged
npc_dota_badguys_melee_rax_bot,4074255285,1.0,1.0,,1641,building_kill,npc_dota_hero_drow_ranger
npc_dota_badguys_range_rax_bot,4074255285,2.0,2.0,,1651,building_kill,npc_dota_hero_weaver
npc_dota_badguys_fort,4074255285,,,,1661,building_kill,dota_unknown
5,4074356696,3.0,3.0,,83,CHAT_MESSAGE_FIRSTBLOOD,
,4074356696,,,2.0,284,CHAT_MESSAGE_COURIER_LOST,
npc_dota_badguys_tower1_bot,4074356696,1.0,1.0,,559,building_kill,npc_dota_hero_venomancer
npc_dota_badguys_tower1_mid,4074356696,,,,693,building_kill,npc_dota_goodguys_siege
npc_dota_goodguys_tower1_bot,4074356696,128.0,5.0,,789,building_kill,npc_dota_hero_terrorblade
npc_dota_badguys_tower1_top,4074356696,,,,820,building_kill,npc_dota_creep_goodguys_melee
npc_dota_goodguys_tower2_bot,4074356696,128.0,5.0,,1068,building_kill,npc_dota_hero_terrorblade
,4074356696,,,2.0,1073,CHAT_MESSAGE_ROSHAN_KILL,
,4074356696,3.0,3.0,,1074,CHAT_MESSAGE_AEGIS,
npc_dota_goodguys_tower1_top,4074356696,131.0,8.0,,1239,building_kill,npc_dota_hero_templar_assassin
npc_dota_badguys_tower2_bot,4074356696,,,,1240,building_kill,npc_dota_creep_goodguys_ranged
npc_dota_badguys_tower2_mid,4074356696,,,,1254,building_kill,npc_dota_creep_goodguys_melee
npc_dota_goodguys_tower2_top,4074356696,3.0,3.0,,1374,building_kill,npc_dota_hero_lina
,4074356696,,,3.0,1712,CHAT_MESSAGE_ROSHAN_KILL,
,4074356696,131.0,8.0,,1713,CHAT_MESSAGE_AEGIS,
npc_dota_goodguys_tower1_mid,4074356696,,,,1834,building_kill,npc_dota_badguys_siege
npc_dota_badguys_tower2_top,4074356696,,,,2230,building_kill,npc_dota_goodguys_siege
,4074356696,,,3.0,2446,CHAT_MESSAGE_ROSHAN_KILL,
,4074356696,131.0,8.0,,2447,CHAT_MESSAGE_AEGIS,
npc_dota_goodguys_tower2_mid,4074356696,131.0,8.0,,2477,building_kill,npc_dota_hero_templar_assassin
npc_dota_goodguys_tower3_mid,4074356696,128.0,5.0,,2523,building_kill,npc_dota_hero_terrorblade
npc_dota_goodguys_healers,4074356696,131.0,8.0,,2550,building_kill,npc_dota_hero_templar_assassin
npc_dota_goodguys_healers,4074356696,131.0,8.0,,2675,building_kill,npc_dota_hero_templar_assassin
,4074356696,,,3.0,3057,CHAT_MESSAGE_ROSHAN_KILL,
,4074356696,131.0,8.0,,3060,CHAT_MESSAGE_AEGIS,
npc_dota_badguys_tower3_bot,4074356696,,,,3190,building_kill,npc_dota_creep_goodguys_ranged
npc_dota_goodguys_melee_rax_mid,4074356696,128.0,5.0,,3458,building_kill,npc_dota_hero_terrorblade
npc_dota_goodguys_tower3_bot,4074356696,131.0,8.0,,3461,building_kill,npc_dota_hero_templar_assassin
npc_dota_goodguys_melee_rax_bot,4074356696,130.0,7.0,,3478,building_kill,npc_dota_hero_silencer
npc_dota_goodguys_range_rax_bot,4074356696,129.0,6.0,,3494,building_kill,npc_dota_hero_earthshaker
npc_dota_goodguys_range_rax_mid,4074356696,128.0,5.0,,3506,building_kill,npc_dota_hero_terrorblade
npc_dota_goodguys_tower3_top,4074356696,128.0,5.0,,3514,building_kill,npc_dota_hero_terrorblade
npc_dota_goodguys_melee_rax_top,4074356696,128.0,5.0,,3529,building_kill,npc_dota_hero_terrorblade
npc_dota_goodguys_fort,4074356696,,,,3532,building_kill,dota_unknown
9,4074440208,0.0,0.0,,203,CHAT_MESSAGE_FIRSTBLOOD,
npc_dota_badguys_tower1_bot,4074440208,,,,409,building_kill,npc_dota_creep_goodguys_ranged
npc_dota_badguys_tower1_mid,4074440208,4.0,4.0,,474,building_kill,npc_dota_hero_zuus
npc_dota_badguys_tower2_bot,4074440208,0.0,0.0,,524,building_kill,npc_dota_hero_chen
,4074440208,,,2.0,663,CHAT_MESSAGE_ROSHAN_KILL,
,4074440208,3.0,3.0,,663,CHAT_MESSAGE_AEGIS,
npc_dota_goodguys_tower1_bot,4074440208,128.0,5.0,,732,building_kill,npc_dota_hero_terrorblade
npc_dota_badguys_tower2_mid,4074440208,4.0,4.0,,733,building_kill,npc_dota_hero_zuus
npc_dota_badguys_tower3_mid,4074440208,0.0,0.0,,765,building_kill,npc_dota_hero_chen
npc_dota_badguys_melee_rax_mid,4074440208,0.0,0.0,,788,building_kill,npc_dota_hero_chen
npc_dota_goodguys_tower2_bot,4074440208,128.0,5.0,,793,building_kill,npc_dota_hero_terrorblade
npc_dota_badguys_range_rax_mid,4074440208,0.0,0.0,,796,building_kill,npc_dota_hero_chen
npc_dota_badguys_tower1_top,4074440208,3.0,3.0,,885,building_kill,npc_dota_hero_clinkz
npc_dota_badguys_healers,4074440208,0.0,0.0,,901,building_kill,npc_dota_hero_chen
npc_dota_badguys_tower2_top,4074440208,0.0,0.0,,923,building_kill,npc_dota_hero_chen
npc_dota_badguys_healers,4074440208,0.0,0.0,,1181,building_kill,npc_dota_hero_chen
,4074440208,,,2.0,1283,CHAT_MESSAGE_ROSHAN_KILL,
,4074440208,3.0,3.0,,1284,CHAT_MESSAGE_AEGIS,
npc_dota_badguys_tower3_top,4074440208,1.0,1.0,,1501,building_kill,npc_dota_hero_skeleton_king
npc_dota_badguys_melee_rax_top,4074440208,3.0,3.0,,1522,building_kill,npc_dota_hero_clinkz
npc_dota_badguys_range_rax_top,4074440208,,,,1764,building_kill,npc_dota_creep_goodguys_melee_upgraded
,4074440208,,,2.0,1857,CHAT_MESSAGE_ROSHAN_KILL,
,4074440208,3.0,3.0,,1857,CHAT_MESSAGE_AEGIS,
npc_dota_badguys_tower3_bot,4074440208,2.0,2.0,,1935,building_kill,npc_dota_hero_vengefulspirit
npc_dota_badguys_fort,4074440208,,,,1935,building_kill,dota_unknown
2,4074486307,128.0,5.0,,130,CHAT_MESSAGE_FIRSTBLOOD,
npc_dota_goodguys_tower1_bot,4074486307,130.0,7.0,,660,building_kill,npc_dota_hero_vengefulspirit
npc_dota_badguys_tower1_top,4074486307,131.0,8.0,,688,building_kill,npc_dota_hero_ursa
npc_dota_badguys_tower1_mid,4074486307,132.0,9.0,,936,building_kill,npc_dota_hero_invoker
,4074486307,,,3.0,1034,CHAT_MESSAGE_ROSHAN_KILL,
,4074486307,131.0,8.0,,1034,CHAT_MESSAGE_AEGIS,
npc_dota_goodguys_tower1_mid,4074486307,131.0,8.0,,1156,building_kill,npc_dota_hero_ursa
npc_dota_goodguys_tower2_bot,4074486307,129.0,6.0,,1160,building_kill,npc_dota_hero_enigma
npc_dota_badguys_tower2_top,4074486307,3.0,3.0,,1167,building_kill,npc_dota_hero_huskar
npc_dota_badguys_tower1_bot,4074486307,3.0,3.0,,1303,building_kill,npc_dota_hero_huskar
npc_dota_goodguys_tower1_top,4074486307,130.0,7.0,,1309,building_kill,npc_dota_hero_vengefulspirit
npc_dota_goodguys_tower2_mid,4074486307,132.0,9.0,,1747,building_kill,npc_dota_hero_invoker
,4074486307,,,3.0,1758,CHAT_MESSAGE_ROSHAN_KILL,
,4074486307,131.0,8.0,,1758,CHAT_MESSAGE_AEGIS,
npc_dota_goodguys_tower3_mid,4074486307,130.0,7.0,,2001,building_kill,npc_dota_hero_vengefulspirit
npc_dota_goodguys_melee_rax_mid,4074486307,129.0,6.0,,2007,building_kill,npc_dota_hero_enigma
npc_dota_goodguys_range_rax_mid,4074486307,,,,2010,building_kill,npc_dota_creep_badguys_melee
npc_dota_goodguys_tower4,4074486307,128.0,5.0,,2015,building_kill,npc_dota_hero_phoenix
npc_dota_goodguys_fort,4074486307,,,,2021,building_kill,dota_unknown
0,4074591870,129.0,6.0,,273,CHAT_MESSAGE_FIRSTBLOOD,
npc_dota_badguys_tower1_top,4074591870,1.0,1.0,,682,building_kill,npc_dota_hero_enchantress
npc_dota_goodguys_tower1_mid,4074591870,129.0,6.0,,727,building_kill,npc_dota_hero_leshrac
npc_dota_badguys_tower1_bot,4074591870,4.0,4.0,,998,building_kill,npc_dota_hero_necrolyte
npc_dota_goodguys_tower1_top,4074591870,1.0,1.0,,1045,building_kill,npc_dota_hero_enchantress
npc_dota_goodguys_tower1_bot,4074591870,132.0,9.0,,1077,building_kill,npc_dota_hero_tiny
npc_dota_badguys_tower1_mid,4074591870,,,,1307,building_kill,npc_dota_goodguys_siege
npc_dota_goodguys_tower2_bot,4074591870,131.0,8.0,,1424,building_kill,npc_dota_hero_wisp
,4074591870,,,3.0,1504,CHAT_MESSAGE_ROSHAN_KILL,
,4074591870,128.0,5.0,,1505,CHAT_MESSAGE_AEGIS,
npc_dota_goodguys_tower2_mid,4074591870,128.0,5.0,,1616,building_kill,npc_dota_hero_gyrocopter
npc_dota_badguys_tower2_top,4074591870,2.0,2.0,,1689,building_kill,npc_dota_hero_phantom_lancer
npc_dota_goodguys_tower2_top,4074591870,,,,1802,building_kill,npc_dota_creep_badguys_ranged
npc_dota_goodguys_tower3_bot,4074591870,,,,1935,building_kill,npc_dota_badguys_siege
npc_dota_goodguys_melee_rax_bot,4074591870,128.0,5.0,,1945,building_kill,npc_dota_hero_gyrocopter
npc_dota_goodguys_range_rax_bot,4074591870,128.0,5.0,,1948,building_kill,npc_dota_hero_gyrocopter
npc_dota_goodguys_tower3_mid,4074591870,128.0,5.0,,1958,building_kill,npc_dota_hero_gyrocopter
npc_dota_goodguys_melee_rax_mid,4074591870,128.0,5.0,,1964,building_kill,npc_dota_hero_gyrocopter
npc_dota_goodguys_range_rax_mid,4074591870,132.0,9.0,,1967,building_kill,npc_dota_hero_tiny
npc_dota_goodguys_fort,4074591870,,,,1973,building_kill,dota_unknown
3,4074639753,128.0,5.0,,-18,CHAT_MESSAGE_FIRSTBLOOD,
npc_dota_goodguys_tower1_mid,4074639753,129.0,6.0,,518,building_kill,npc_dota_hero_bloodseeker
npc_dota_badguys_tower1_top,4074639753,1.0,1.0,,563,building_kill,npc_dota_hero_ursa
npc_dota_goodguys_tower1_bot,4074639753,128.0,5.0,,941,building_kill,npc_dota_hero_phantom_lancer
,4074639753,,,3.0,1020,CHAT_MESSAGE_ROSHAN_KILL,
,4074639753,129.0,6.0,,1020,CHAT_MESSAGE_AEGIS,
npc_dota_goodguys_tower1_top,4074639753,129.0,6.0,,1105,building_kill,npc_dota_hero_bloodseeker
npc_dota_goodguys_tower2_top,4074639753,129.0,6.0,,1137,building_kill,npc_dota_hero_bloodseeker
npc_dota_goodguys_tower2_mid,4074639753,129.0,6.0,,1190,building_kill,npc_dota_hero_bloodseeker
npc_dota_goodguys_tower2_bot,4074639753,128.0,5.0,,1254,building_kill,npc_dota_hero_phantom_lancer
,4074639753,,,3.0,1555,CHAT_MESSAGE_ROSHAN_KILL,
,4074639753,129.0,6.0,,1556,CHAT_MESSAGE_AEGIS,
npc_dota_goodguys_tower3_bot,4074639753,129.0,6.0,,1605,building_kill,npc_dota_hero_bloodseeker
npc_dota_badguys_tower2_top,4074639753,,,,1618,building_kill,npc_dota_creep_goodguys_melee
npc_dota_goodguys_melee_rax_bot,4074639753,129.0,6.0,,1623,building_kill,npc_dota_hero_bloodseeker
npc_dota_goodguys_range_rax_bot,4074639753,129.0,6.0,,1632,building_kill,npc_dota_hero_bloodseeker
npc_dota_goodguys_healers,4074639753,129.0,6.0,,1708,building_kill,npc_dota_hero_bloodseeker
npc_dota_goodguys_tower3_mid,4074639753,131.0,8.0,,1734,building_kill,npc_dota_hero_earthshaker
npc_dota_goodguys_melee_rax_mid,4074639753,129.0,6.0,,1747,building_kill,npc_dota_hero_bloodseeker
npc_dota_goodguys_range_rax_mid,4074639753,128.0,5.0,,1750,building_kill,npc_dota_hero_phantom_lancer
npc_dota_goodguys_healers,4074639753,132.0,9.0,,1781,building_kill,npc_dota_hero_tiny
npc_dota_badguys_tower1_bot,4074639753,1.0,1.0,,1785,building_kill,npc_dota_hero_ursa
npc_dota_goodguys_tower3_top,4074639753,,,,1860,building_kill,npc_dota_creep_badguys_melee
npc_dota_goodguys_melee_rax_top,4074639753,132.0,9.0,,1903,building_kill,npc_dota_hero_tiny
npc_dota_goodguys_range_rax_top,4074639753,128.0,5.0,,1907,building_kill,npc_dota_hero_phantom_lancer
npc_dota_goodguys_fort,4074639753,,,,1908,building_kill,dota_unknown
3,4074694505,130.0,7.0,,63,CHAT_MESSAGE_FIRSTBLOOD,
,4074694505,,,2.0,117,CHAT_MESSAGE_COURIER_LOST,
npc_dota_goodguys_tower1_bot,4074694505,,,,400,building_kill,npc_dota_creep_badguys_melee
npc_dota_badguys_tower1_top,4074694505,1.0,1.0,,468,building_kill,npc_dota_hero_phantom_lancer
npc_dota_goodguys_tower1_mid,4074694505,129.0,6.0,,734,building_kill,npc_dota_hero_drow_ranger
npc_dota_badguys_tower2_top,4074694505,1.0,1.0,,843,building_kill,npc_dota_hero_phantom_lancer
npc_dota_goodguys_tower2_bot,4074694505,129.0,6.0,,855,building_kill,npc_dota_hero_drow_ranger
npc_dota_goodguys_tower3_bot,4074694505,129.0,6.0,,1265,building_kill,npc_dota_hero_drow_ranger
npc_dota_goodguys_melee_rax_bot,4074694505,131.0,8.0,,1280,building_kill,npc_dota_hero_enigma
npc_dota_goodguys_range_rax_bot,4074694505,131.0,8.0,,1288,building_kill,npc_dota_hero_enigma
npc_dota_badguys_tower1_mid,4074694505,,,,1331,building_kill,npc_dota_creep_goodguys_ranged
,4074694505,,,3.0,1447,CHAT_MESSAGE_ROSHAN_KILL,
,4074694505,4.0,4.0,,1448,CHAT_MESSAGE_AEGIS_STOLEN,
npc_dota_goodguys_tower1_top,4074694505,128.0,5.0,,1514,building_kill,npc_dota_hero_furion
npc_dota_goodguys_tower2_mid,4074694505,,,,1563,building_kill,npc_dota_badguys_siege
npc_dota_goodguys_tower2_top,4074694505,129.0,6.0,,1584,building_kill,npc_dota_hero_drow_ranger
npc_dota_goodguys_healers,4074694505,129.0,6.0,,1624,building_kill,npc_dota_hero_drow_ranger
npc_dota_goodguys_healers,4074694505,128.0,5.0,,1625,building_kill,npc_dota_hero_furion
npc_dota_goodguys_tower3_top,4074694505,132.0,9.0,,1715,building_kill,npc_dota_hero_invoker
npc_dota_goodguys_tower3_mid,4074694505,132.0,9.0,,1914,building_kill,npc_dota_hero_invoker
npc_dota_goodguys_melee_rax_mid,4074694505,128.0,5.0,,1935,building_kill,npc_dota_hero_furion
npc_dota_goodguys_range_rax_mid,4074694505,131.0,8.0,,1945,building_kill,npc_dota_hero_enigma
npc_dota_goodguys_melee_rax_top,4074694505,132.0,9.0,,1951,building_kill,npc_dota_hero_invoker
npc_dota_goodguys_fort,4074694505,,,,1957,building_kill,dota_unknown
1,4074748928,131.0,8.0,,203,CHAT_MESSAGE_FIRSTBLOOD,
npc_dota_goodguys_tower1_bot,4074748928,131.0,8.0,,397,building_kill,npc_dota_hero_enchantress
npc_dota_badguys_tower1_top,4074748928,1.0,1.0,,599,building_kill,npc_dota_hero_lycan
npc_dota_badguys_tower2_top,4074748928,1.0,1.0,,643,building_kill,npc_dota_hero_lycan
,4074748928,,,2.0,753,CHAT_MESSAGE_ROSHAN_KILL,
,4074748928,3.0,3.0,,753,CHAT_MESSAGE_AEGIS,
npc_dota_badguys_tower1_mid,4074748928,4.0,4.0,,830,building_kill,npc_dota_hero_arc_warden
npc_dota_badguys_tower1_bot,4074748928,1.0,1.0,,872,building_kill,npc_dota_hero_lycan
npc_dota_badguys_tower3_top,4074748928,4.0,4.0,,1104,building_kill,npc_dota_hero_arc_warden
npc_dota_badguys_melee_rax_top,4074748928,129.0,6.0,,1120,building_kill,npc_dota_hero_drow_ranger
npc_dota_badguys_tower2_mid,4074748928,1.0,1.0,,1183,building_kill,npc_dota_hero_lycan
npc_dota_goodguys_tower2_bot,4074748928,,,,1207,building_kill,npc_dota_creep_badguys_melee
npc_dota_badguys_tower3_mid,4074748928,4.0,4.0,,1272,building_kill,npc_dota_hero_arc_warden
,4074748928,,,3.0,1390,CHAT_MESSAGE_ROSHAN_KILL,
,4074748928,128.0,5.0,,1391,CHAT_MESSAGE_AEGIS,
npc_dota_badguys_tower2_bot,4074748928,4.0,4.0,,1476,building_kill,npc_dota_hero_arc_warden
npc_dota_goodguys_tower1_mid,4074748928,2.0,2.0,,1581,building_kill,npc_dota_hero_tusk
,4074748928,,,3.0,1969,CHAT_MESSAGE_COURIER_LOST,
,4074748928,,,3.0,1984,CHAT_MESSAGE_ROSHAN_KILL,
,4074748928,128.0,5.0,,1984,CHAT_MESSAGE_AEGIS,
npc_dota_goodguys_tower1_top,4074748928,128.0,5.0,,2044,building_kill,npc_dota_hero_gyrocopter
npc_dota_badguys_healers,4074748928,1.0,1.0,,2235,building_kill,npc_dota_hero_lycan
npc_dota_goodguys_tower2_mid,4074748928,131.0,8.0,,2535,building_kill,npc_dota_hero_enchantress
npc_dota_goodguys_tower3_mid,4074748928,128.0,5.0,,2562,building_kill,npc_dota_hero_gyrocopter
npc_dota_goodguys_melee_rax_mid,4074748928,128.0,5.0,,2572,building_kill,npc_dota_hero_gyrocopter
npc_dota_goodguys_range_rax_mid,4074748928,128.0,5.0,,2573,building_kill,npc_dota_hero_gyrocopter
npc_dota_goodguys_tower4,4074748928,131.0,8.0,,2594,building_kill,npc_dota_hero_enchantress
npc_dota_goodguys_tower4,4074748928,128.0,5.0,,2605,building_kill,npc_dota_hero_gyrocopter
npc_dota_goodguys_fort,4074748928,129.0,6.0,,2612,building_kill,npc_dota_hero_drow_ranger
4,4074821374,131.0,8.0,,-40,CHAT_MESSAGE_FIRSTBLOOD,
npc_dota_badguys_tower1_top,4074821374,3.0,3.0,,544,building_kill,npc_dota_hero_enchantress
npc_dota_badguys_tower1_mid,4074821374,0.0,0.0,,666,building_kill,npc_dota_hero_tiny
npc_dota_goodguys_tower1_bot,4074821374,,,,814,building_kill,npc_dota_creep_badguys_melee
npc_dota_badguys_tower2_top,4074821374,3.0,3.0,,835,building_kill,npc_dota_hero_enchantress
npc_dota_badguys_tower2_mid,4074821374,,,,996,building_kill,npc_dota_goodguys_siege
,4074821374,,,2.0,1157,CHAT_MESSAGE_ROSHAN_KILL,
,4074821374,0.0,0.0,,1158,CHAT_MESSAGE_AEGIS,
npc_dota_badguys_tower1_bot,4074821374,0.0,0.0,,1307,building_kill,npc_dota_hero_tiny
npc_dota_badguys_tower2_bot,4074821374,0.0,0.0,,1375,building_kill,npc_dota_hero_tiny
,4074821374,,,2.0,1802,CHAT_MESSAGE_ROSHAN_KILL,
,4074821374,0.0,0.0,,1802,CHAT_MESSAGE_AEGIS,
npc_dota_badguys_tower3_mid,4074821374,0.0,0.0,,1959,building_kill,npc_dota_hero_tiny
npc_dota_goodguys_tower2_bot,4074821374,,,,2044,building_kill,npc_dota_creep_badguys_melee
npc_dota_badguys_melee_rax_mid,4074821374,1.0,1.0,,2075,building_kill,npc_dota_hero_gyrocopter
npc_dota_badguys_range_rax_mid,4074821374,0.0,0.0,,2076,building_kill,npc_dota_hero_tiny
npc_dota_badguys_tower3_top,4074821374,0.0,0.0,,2084,building_kill,npc_dota_hero_tiny
npc_dota_badguys_melee_rax_top,4074821374,3.0,3.0,,2089,building_kill,npc_dota_hero_enchantress
npc_dota_badguys_range_rax_top,4074821374,0.0,0.0,,2091,building_kill,npc_dota_hero_tiny
npc_dota_goodguys_tower1_mid,4074821374,129.0,6.0,,2144,building_kill,npc_dota_hero_spectre
npc_dota_goodguys_tower3_bot,4074821374,,,,2209,building_kill,npc_dota_badguys_siege
npc_dota_goodguys_melee_rax_bot,4074821374,129.0,6.0,,2226,building_kill,npc_dota_hero_spectre
npc_dota_goodguys_range_rax_bot,4074821374,,,,2368,building_kill,npc_dota_creep_badguys_melee_upgraded
,4074821374,,,3.0,2409,CHAT_MESSAGE_ROSHAN_KILL,
,4074821374,129.0,6.0,,2410,CHAT_MESSAGE_AEGIS,
npc_dota_goodguys_tower1_top,4074821374,1.0,1.0,,2528,building_kill,npc_dota_hero_gyrocopter
npc_dota_goodguys_tower2_top,4074821374,129.0,6.0,,2798,building_kill,npc_dota_hero_spectre
npc_dota_goodguys_tower2_mid,4074821374,129.0,6.0,,2942,building_kill,npc_dota_hero_spectre
npc_dota_goodguys_tower3_mid,4074821374,131.0,8.0,,2984,building_kill,npc_dota_hero_centaur
npc_dota_goodguys_melee_rax_mid,4074821374,130.0,7.0,,2996,building_kill,npc_dota_hero_wisp
npc_dota_goodguys_range_rax_mid,4074821374,129.0,6.0,,3007,building_kill,npc_dota_hero_spectre
,4074821374,,,2.0,3145,CHAT_MESSAGE_ROSHAN_KILL,
npc_dota_goodguys_tower4,4074821374,,,,3145,building_kill,npc_dota_creep_badguys_melee_upgraded
,4074821374,1.0,1.0,,3145,CHAT_MESSAGE_AEGIS,
npc_dota_goodguys_tower4,4074821374,129.0,6.0,,3197,building_kill,npc_dota_hero_spectre
npc_dota_badguys_tower4,4074821374,,,,3206,building_kill,npc_dota_creep_goodguys_melee_upgraded
npc_dota_goodguys_fort,4074821374,132.0,9.0,,3207,building_kill,npc_dota_hero_zuus
2,4078079157,129.0,6.0,,116,CHAT_MESSAGE_FIRSTBLOOD,
npc_dota_goodguys_tower1_mid,4078079157,2.0,2.0,,384,building_kill,npc_dota_hero_alchemist
npc_dota_goodguys_tower1_bot,4078079157,129.0,6.0,,676,building_kill,npc_dota_hero_batrider
,4078079157,,,3.0,1025,CHAT_MESSAGE_ROSHAN_KILL,
npc_dota_goodguys_tower1_top,4078079157,129.0,6.0,,1025,building_kill,npc_dota_hero_batrider
,4078079157,132.0,9.0,,1025,CHAT_MESSAGE_AEGIS,
npc_dota_badguys_tower1_bot,4078079157,4.0,4.0,,1040,building_kill,npc_dota_hero_storm_spirit
npc_dota_badguys_tower1_top,4078079157,4.0,4.0,,1348,building_kill,npc_dota_hero_storm_spirit
npc_dota_goodguys_tower2_bot,4078079157,130.0,7.0,,1351,building_kill,npc_dota_hero_bloodseeker
npc_dota_goodguys_tower2_mid,4078079157,132.0,9.0,,1382,building_kill,npc_dota_hero_broodmother
,4078079157,,,2.0,1664,CHAT_MESSAGE_ROSHAN_KILL,
,4078079157,4.0,4.0,,1664,CHAT_MESSAGE_AEGIS,
npc_dota_badguys_tower1_mid,4078079157,3.0,3.0,,1679,building_kill,npc_dota_hero_necrolyte
npc_dota_goodguys_tower2_top,4078079157,,,,1863,building_kill,npc_dota_badguys_siege
npc_dota_badguys_tower2_mid,4078079157,0.0,0.0,,1998,building_kill,npc_dota_hero_chen
,4078079157,,,3.0,2316,CHAT_MESSAGE_ROSHAN_KILL,
,4078079157,130.0,7.0,,2317,CHAT_MESSAGE_AEGIS,
npc_dota_goodguys_tower3_mid,4078079157,130.0,7.0,,2479,building_kill,npc_dota_hero_bloodseeker
npc_dota_goodguys_healers,4078079157,130.0,7.0,,2511,building_kill,npc_dota_hero_bloodseeker
npc_dota_goodguys_healers,4078079157,130.0,7.0,,2564,building_kill,npc_dota_hero_bloodseeker
npc_dota_goodguys_melee_rax_mid,4078079157,130.0,7.0,,2738,building_kill,npc_dota_hero_bloodseeker
npc_dota_goodguys_range_rax_mid,4078079157,,,,2753,building_kill,npc_dota_badguys_siege
npc_dota_goodguys_tower3_bot,4078079157,132.0,9.0,,2777,building_kill,npc_dota_hero_broodmother
npc_dota_goodguys_melee_rax_bot,4078079157,132.0,9.0,,2782,building_kill,npc_dota_hero_broodmother
npc_dota_goodguys_range_rax_bot,4078079157,130.0,7.0,,2784,building_kill,npc_dota_hero_bloodseeker
,4078079157,,,3.0,2962,CHAT_MESSAGE_ROSHAN_KILL,
,4078079157,130.0,7.0,,2963,CHAT_MESSAGE_AEGIS,
npc_dota_goodguys_tower4,4078079157,,,,3080,building_kill,npc_dota_creep_badguys_ranged_upgraded
npc_dota_goodguys_tower3_top,4078079157,132.0,9.0,,3090,building_kill,npc_dota_hero_broodmother
npc_dota_goodguys_tower4,4078079157,,,,3090,building_kill,npc_dota_badguys_siege_upgraded
npc_dota_goodguys_melee_rax_top,4078079157,132.0,9.0,,3094,building_kill,npc_dota_hero_broodmother
npc_dota_goodguys_range_rax_top,4078079157,130.0,7.0,,3096,building_kill,npc_dota_hero_bloodseeker
npc_dota_goodguys_fort,4078079157,,,,3099,building_kill,dota_unknown
3,4078180258,128.0,5.0,,47,CHAT_MESSAGE_FIRSTBLOOD,
npc_dota_badguys_tower1_top,4078180258,0.0,0.0,,442,building_kill,npc_dota_hero_chen
npc_dota_badguys_tower1_mid,4078180258,3.0,3.0,,537,building_kill,npc_dota_hero_pugna
npc_dota_goodguys_tower1_bot,4078180258,132.0,9.0,,653,building_kill,npc_dota_hero_broodmother
npc_dota_goodguys_tower1_mid,4078180258,132.0,9.0,,1158,building_kill,npc_dota_hero_broodmother
npc_dota_badguys_tower1_bot,4078180258,3.0,3.0,,1279,building_kill,npc_dota_hero_pugna
,4078180258,,,3.0,1451,CHAT_MESSAGE_ROSHAN_KILL,
,4078180258,132.0,9.0,,1453,CHAT_MESSAGE_AEGIS,
npc_dota_goodguys_tower1_top,4078180258,129.0,6.0,,1487,building_kill,npc_dota_hero_skeleton_king
npc_dota_goodguys_tower2_top,4078180258,130.0,7.0,,1532,building_kill,npc_dota_hero_invoker
npc_dota_goodguys_tower2_mid,4078180258,132.0,9.0,,1680,building_kill,npc_dota_hero_broodmother
npc_dota_goodguys_tower2_bot,4078180258,130.0,7.0,,1720,building_kill,npc_dota_hero_invoker
npc_dota_goodguys_tower3_mid,4078180258,,,,1875,building_kill,npc_dota_badguys_siege
npc_dota_goodguys_healers,4078180258,132.0,9.0,,1944,building_kill,npc_dota_hero_broodmother
npc_dota_goodguys_healers,4078180258,129.0,6.0,,1988,building_kill,npc_dota_hero_skeleton_king
,4078180258,,,3.0,2026,CHAT_MESSAGE_ROSHAN_KILL,
,4078180258,132.0,9.0,,2026,CHAT_MESSAGE_AEGIS,
npc_dota_goodguys_tower3_top,4078180258,132.0,9.0,,2265,building_kill,npc_dota_hero_broodmother
npc_dota_goodguys_range_rax_top,4078180258,129.0,6.0,,2349,building_kill,npc_dota_hero_skeleton_king
npc_dota_goodguys_melee_rax_top,4078180258,132.0,9.0,,2378,building_kill,npc_dota_hero_broodmother
npc_dota_goodguys_range_rax_mid,4078180258,129.0,6.0,,2470,building_kill,npc_dota_hero_skeleton_king
npc_dota_goodguys_melee_rax_mid,4078180258,130.0,7.0,,2481,building_kill,npc_dota_hero_invoker
npc_dota_goodguys_tower3_bot,4078180258,130.0,7.0,,2526,building_kill,npc_dota_hero_invoker
npc_dota_goodguys_melee_rax_bot,4078180258,130.0,7.0,,2532,building_kill,npc_dota_hero_invoker
npc_dota_goodguys_fort,4078180258,,,,2536,building_kill,dota_unknown
2,4078291886,128.0,5.0,,46,CHAT_MESSAGE_FIRSTBLOOD,
npc_dota_goodguys_tower1_bot,4078291886,131.0,8.0,,412,building_kill,npc_dota_hero_enchantress
npc_dota_goodguys_tower1_mid,4078291886,,,,668,building_kill,npc_dota_badguys_siege
npc_dota_badguys_tower1_top,4078291886,4.0,4.0,,798,building_kill,npc_dota_hero_weaver
npc_dota_goodguys_tower2_bot,4078291886,128.0,5.0,,847,building_kill,npc_dota_hero_skeleton_king
,4078291886,,,3.0,966,CHAT_MESSAGE_ROSHAN_KILL,
,4078291886,4.0,4.0,,967,CHAT_MESSAGE_AEGIS_STOLEN,
npc_dota_badguys_tower1_mid,4078291886,129.0,6.0,,1406,building_kill,npc_dota_hero_gyrocopter
npc_dota_goodguys_tower1_top,4078291886,132.0,9.0,,1469,building_kill,npc_dota_hero_pugna
npc_dota_badguys_tower1_bot,4078291886,0.0,0.0,,1493,building_kill,npc_dota_hero_drow_ranger
,4078291886,,,3.0,1643,CHAT_MESSAGE_ROSHAN_KILL,
,4078291886,129.0,6.0,,1643,CHAT_MESSAGE_AEGIS,
npc_dota_goodguys_tower2_mid,4078291886,,,,1685,building_kill,npc_dota_creep_badguys_melee
npc_dota_goodguys_tower2_top,4078291886,,,,1712,building_kill,npc_dota_creep_badguys_melee
npc_dota_goodguys_tower3_top,4078291886,129.0,6.0,,2138,building_kill,npc_dota_hero_gyrocopter
,4078291886,,,2.0,2211,CHAT_MESSAGE_ROSHAN_KILL,
,4078291886,1.0,1.0,,2211,CHAT_MESSAGE_AEGIS,
npc_dota_badguys_tower2_mid,4078291886,1.0,1.0,,2229,building_kill,npc_dota_hero_huskar
,4078291886,,,2.0,2277,CHAT_MESSAGE_COURIER_LOST,
npc_dota_badguys_tower2_top,4078291886,1.0,1.0,,2280,building_kill,npc_dota_hero_huskar
npc_dota_goodguys_tower3_mid,4078291886,129.0,6.0,,2353,building_kill,npc_dota_hero_gyrocopter
npc_dota_goodguys_healers,4078291886,130.0,7.0,,2473,building_kill,npc_dota_hero_wisp
npc_dota_goodguys_range_rax_mid,4078291886,131.0,8.0,,2750,building_kill,npc_dota_hero_enchantress
npc_dota_goodguys_melee_rax_mid,4078291886,130.0,7.0,,2766,building_kill,npc_dota_hero_wisp
npc_dota_goodguys_melee_rax_top,4078291886,131.0,8.0,,2776,building_kill,npc_dota_hero_enchantress
npc_dota_goodguys_range_rax_top,4078291886,130.0,7.0,,2781,building_kill,npc_dota_hero_wisp
npc_dota_goodguys_healers,4078291886,128.0,5.0,,2879,building_kill,npc_dota_hero_skeleton_king
,4078291886,,,3.0,2894,CHAT_MESSAGE_ROSHAN_KILL,
,4078291886,129.0,6.0,,2894,CHAT_MESSAGE_AEGIS,
npc_dota_goodguys_tower3_bot,4078291886,129.0,6.0,,2919,building_kill,npc_dota_hero_gyrocopter
npc_dota_goodguys_range_rax_bot,4078291886,129.0,6.0,,2925,building_kill,npc_dota_hero_gyrocopter
npc_dota_goodguys_melee_rax_bot,4078291886,130.0,7.0,,2927,building_kill,npc_dota_hero_wisp
npc_dota_goodguys_fort,4078291886,,,,2936,building_kill,dota_unknown
1,4078363316,132.0,9.0,,11,CHAT_MESSAGE_FIRSTBLOOD,
npc_dota_goodguys_tower1_bot,4078363316,132.0,9.0,,538,building_kill,npc_dota_hero_enchantress
npc_dota_goodguys_tower1_top,4078363316,128.0,5.0,,677,building_kill,npc_dota_hero_clinkz
npc_dota_badguys_tower1_mid,4078363316,4.0,4.0,,733,building_kill,npc_dota_hero_invoker
npc_dota_badguys_tower1_top,4078363316,1.0,1.0,,876,building_kill,npc_dota_hero_bloodseeker
npc_dota_badguys_tower1_bot,4078363316,,,,1063,building_kill,npc_dota_goodguys_siege
,4078363316,,,2.0,1205,CHAT_MESSAGE_ROSHAN_KILL,
,4078363316,1.0,1.0,,1205,CHAT_MESSAGE_AEGIS,
npc_dota_goodguys_tower1_mid,4078363316,128.0,5.0,,1375,building_kill,npc_dota_hero_clinkz
npc_dota_goodguys_tower2_mid,4078363316,128.0,5.0,,1573,building_kill,npc_dota_hero_clinkz
npc_dota_goodguys_tower3_mid,4078363316,129.0,6.0,,1697,building_kill,npc_dota_hero_storm_spirit
npc_dota_goodguys_melee_rax_mid,4078363316,128.0,5.0,,1705,building_kill,npc_dota_hero_clinkz
npc_dota_goodguys_range_rax_mid,4078363316,,,,1711,building_kill,npc_dota_creep_badguys_ranged
,4078363316,,,3.0,1801,CHAT_MESSAGE_ROSHAN_KILL,
,4078363316,129.0,6.0,,1801,CHAT_MESSAGE_AEGIS,
npc_dota_goodguys_healers,4078363316,128.0,5.0,,1837,building_kill,npc_dota_hero_clinkz
npc_dota_goodguys_tower2_top,4078363316,132.0,9.0,,1898,building_kill,npc_dota_hero_enchantress
npc_dota_goodguys_tower2_bot,4078363316,128.0,5.0,,1924,building_kill,npc_dota_hero_clinkz
npc_dota_goodguys_healers,4078363316,128.0,5.0,,1941,building_kill,npc_dota_hero_clinkz
npc_dota_goodguys_tower3_bot,4078363316,129.0,6.0,,2025,building_kill,npc_dota_hero_storm_spirit
npc_dota_goodguys_melee_rax_bot,4078363316,132.0,9.0,,2040,building_kill,npc_dota_hero_enchantress
npc_dota_goodguys_range_rax_bot,4078363316,128.0,5.0,,2042,building_kill,npc_dota_hero_clinkz
npc_dota_goodguys_tower3_top,4078363316,128.0,5.0,,2184,building_kill,npc_dota_hero_clinkz
npc_dota_goodguys_melee_rax_top,4078363316,128.0,5.0,,2191,building_kill,npc_dota_hero_clinkz
npc_dota_goodguys_range_rax_top,4078363316,128.0,5.0,,2194,building_kill,npc_dota_hero_clinkz
npc_dota_goodguys_tower4,4078363316,132.0,9.0,,2220,building_kill,npc_dota_hero_enchantress
npc_dota_goodguys_fort,4078363316,,,,2222,building_kill,dota_unknown
1,4078412913,132.0,9.0,,119,CHAT_MESSAGE_FIRSTBLOOD,
npc_dota_goodguys_tower1_bot,4078412913,132.0,9.0,,561,building_kill,npc_dota_hero_enchantress
npc_dota_goodguys_tower1_mid,4078412913,132.0,9.0,,677,building_kill,npc_dota_hero_enchantress
npc_dota_goodguys_tower1_top,4078412913,128.0,5.0,,695,building_kill,npc_dota_hero_terrorblade
npc_dota_badguys_tower1_mid,4078412913,3.0,3.0,,964,building_kill,npc_dota_hero_pugna
npc_dota_goodguys_tower2_bot,4078412913,132.0,9.0,,1244,building_kill,npc_dota_hero_enchantress
npc_dota_badguys_tower1_top,4078412913,,,,1248,building_kill,npc_dota_creep_goodguys_melee
,4078412913,,,2.0,1415,CHAT_MESSAGE_ROSHAN_KILL,
,4078412913,1.0,1.0,,1415,CHAT_MESSAGE_AEGIS,
npc_dota_badguys_tower2_mid,4078412913,4.0,4.0,,1977,building_kill,npc_dota_hero_arc_warden
npc_dota_goodguys_tower2_mid,4078412913,132.0,9.0,,2023,building_kill,npc_dota_hero_enchantress
npc_dota_badguys_tower1_bot,4078412913,1.0,1.0,,2027,building_kill,npc_dota_hero_spectre
npc_dota_goodguys_tower2_top,4078412913,129.0,6.0,,2030,building_kill,npc_dota_hero_mirana
,4078412913,,,3.0,2143,CHAT_MESSAGE_ROSHAN_KILL,
,4078412913,129.0,6.0,,2145,CHAT_MESSAGE_AEGIS,
npc_dota_badguys_tower2_bot,4078412913,4.0,4.0,,2337,building_kill,npc_dota_hero_arc_warden
npc_dota_badguys_tower2_top,4078412913,,,,2515,building_kill,npc_dota_creep_goodguys_melee
,4078412913,,,3.0,2744,CHAT_MESSAGE_ROSHAN_KILL,
,4078412913,132.0,9.0,,2744,CHAT_MESSAGE_AEGIS,
npc_dota_goodguys_tower3_mid,4078412913,128.0,5.0,,3274,building_kill,npc_dota_hero_terrorblade
npc_dota_goodguys_melee_rax_mid,4078412913,129.0,6.0,,3309,building_kill,npc_dota_hero_mirana
npc_dota_goodguys_tower4,4078412913,128.0,5.0,,3323,building_kill,npc_dota_hero_terrorblade
npc_dota_goodguys_tower4,4078412913,132.0,9.0,,3346,building_kill,npc_dota_hero_enchantress
npc_dota_goodguys_range_rax_mid,4078412913,129.0,6.0,,3350,building_kill,npc_dota_hero_mirana
npc_dota_badguys_tower3_mid,4078412913,4.0,4.0,,3454,building_kill,npc_dota_hero_arc_warden
npc_dota_badguys_tower4,4078412913,4.0,4.0,,3472,building_kill,npc_dota_hero_arc_warden
npc_dota_badguys_tower4,4078412913,1.0,1.0,,3476,building_kill,npc_dota_hero_spectre
npc_dota_badguys_fort,4078412913,3.0,3.0,,3489,building_kill,npc_dota_hero_pugna
3,4078478649,131.0,8.0,,135,CHAT_MESSAGE_FIRSTBLOOD,
npc_dota_goodguys_tower1_bot,4078478649,,,,717,building_kill,npc_dota_creep_badguys_ranged
npc_dota_badguys_tower1_top,4078478649,3.0,3.0,,790,building_kill,npc_dota_hero_weaver
npc_dota_goodguys_tower2_bot,4078478649,4.0,4.0,,887,building_kill,npc_dota_hero_dark_willow
npc_dota_goodguys_tower1_mid,4078478649,128.0,5.0,,894,building_kill,npc_dota_hero_ogre_magi
,4078478649,,,3.0,1394,CHAT_MESSAGE_ROSHAN_KILL,
,4078478649,130.0,7.0,,1395,CHAT_MESSAGE_AEGIS,
npc_dota_badguys_tower1_bot,4078478649,4.0,4.0,,1424,building_kill,npc_dota_hero_dark_willow
npc_dota_badguys_tower2_bot,4078478649,3.0,3.0,,1666,building_kill,npc_dota_hero_weaver
npc_dota_goodguys_tower1_top,4078478649,130.0,7.0,,1672,building_kill,npc_dota_hero_chaos_knight
npc_dota_badguys_tower1_mid,4078478649,1.0,1.0,,1727,building_kill,npc_dota_hero_ursa
npc_dota_badguys_tower2_top,4078478649,129.0,6.0,,1844,building_kill,npc_dota_hero_enchantress
,4078478649,,,3.0,1927,CHAT_MESSAGE_ROSHAN_KILL,
,4078478649,130.0,7.0,,1928,CHAT_MESSAGE_AEGIS,
npc_dota_badguys_tower2_mid,4078478649,1.0,1.0,,2149,building_kill,npc_dota_hero_ursa
,4078478649,,,2.0,2726,CHAT_MESSAGE_ROSHAN_KILL,
,4078478649,0.0,0.0,,2726,CHAT_MESSAGE_AEGIS,
npc_dota_badguys_tower3_bot,4078478649,,,,3386,building_kill,npc_dota_goodguys_siege
,4078478649,,,2.0,3409,CHAT_MESSAGE_ROSHAN_KILL,
,4078478649,1.0,1.0,,3411,CHAT_MESSAGE_AEGIS,
npc_dota_goodguys_tower2_top,4078478649,,,,3512,building_kill,npc_dota_creep_badguys_melee
npc_dota_goodguys_tower2_mid,4078478649,130.0,7.0,,3550,building_kill,npc_dota_hero_chaos_knight
npc_dota_badguys_tower3_mid,4078478649,3.0,3.0,,3763,building_kill,npc_dota_hero_weaver
npc_dota_badguys_range_rax_bot,4078478649,0.0,0.0,,3780,building_kill,npc_dota_hero_storm_spirit
npc_dota_badguys_range_rax_mid,4078478649,3.0,3.0,,3782,building_kill,npc_dota_hero_weaver
npc_dota_badguys_melee_rax_mid,4078478649,1.0,1.0,,3805,building_kill,npc_dota_hero_ursa
npc_dota_badguys_melee_rax_bot,4078478649,,,,3809,building_kill,npc_dota_creep_goodguys_melee
npc_dota_badguys_tower3_top,4078478649,1.0,1.0,,3814,building_kill,npc_dota_hero_ursa
npc_dota_badguys_melee_rax_top,4078478649,2.0,2.0,,3820,building_kill,npc_dota_hero_lich
npc_dota_badguys_range_rax_top,4078478649,1.0,1.0,,3824,building_kill,npc_dota_hero_ursa
npc_dota_badguys_tower4,4078478649,2.0,2.0,,3850,building_kill,npc_dota_hero_lich
npc_dota_badguys_tower4,4078478649,3.0,3.0,,3858,building_kill,npc_dota_hero_weaver
npc_dota_badguys_fort,4078478649,,,,3858,building_kill,dota_unknown
5,4078566725,3.0,3.0,,34,CHAT_MESSAGE_FIRSTBLOOD,
npc_dota_badguys_tower1_mid,4078566725,0.0,0.0,,558,building_kill,npc_dota_hero_shredder
npc_dota_badguys_tower1_top,4078566725,3.0,3.0,,568,building_kill,npc_dota_hero_skeleton_king
npc_dota_goodguys_tower1_bot,4078566725,128.0,5.0,,598,building_kill,npc_dota_hero_furion
npc_dota_badguys_tower1_bot,4078566725,129.0,6.0,,972,building_kill,npc_dota_hero_brewmaster
npc_dota_goodguys_tower1_mid,4078566725,4.0,4.0,,1155,building_kill,npc_dota_hero_dark_willow
npc_dota_goodguys_tower1_top,4078566725,2.0,2.0,,1270,building_kill,npc_dota_hero_lich
,4078566725,,,2.0,1274,CHAT_MESSAGE_ROSHAN_KILL,
,4078566725,1.0,1.0,,1274,CHAT_MESSAGE_AEGIS,
npc_dota_goodguys_tower2_bot,4078566725,130.0,7.0,,1327,building_kill,npc_dota_hero_terrorblade
npc_dota_badguys_tower2_mid,4078566725,1.0,1.0,,1371,building_kill,npc_dota_hero_spectre
npc_dota_badguys_tower2_top,4078566725,3.0,3.0,,1470,building_kill,npc_dota_hero_skeleton_king
npc_dota_goodguys_tower2_mid,4078566725,130.0,7.0,,1711,building_kill,npc_dota_hero_terrorblade
,4078566725,,,2.0,1843,CHAT_MESSAGE_ROSHAN_KILL,
,4078566725,1.0,1.0,,1844,CHAT_MESSAGE_AEGIS,
npc_dota_badguys_tower2_bot,4078566725,,,,1888,building_kill,npc_dota_creep_goodguys_melee
npc_dota_badguys_tower3_mid,4078566725,,,,1941,building_kill,npc_dota_creep_goodguys_melee
npc_dota_badguys_melee_rax_mid,4078566725,1.0,1.0,,1958,building_kill,npc_dota_hero_spectre
npc_dota_badguys_range_rax_mid,4078566725,,,,1962,building_kill,npc_dota_creep_goodguys_melee
npc_dota_badguys_tower3_bot,4078566725,3.0,3.0,,1972,building_kill,npc_dota_hero_skeleton_king
npc_dota_badguys_range_rax_bot,4078566725,4.0,4.0,,1980,building_kill,npc_dota_hero_dark_willow
npc_dota_badguys_melee_rax_bot,4078566725,2.0,2.0,,1984,building_kill,npc_dota_hero_lich
npc_dota_badguys_tower3_top,4078566725,4.0,4.0,,2059,building_kill,npc_dota_hero_dark_willow
npc_dota_badguys_melee_rax_top,4078566725,1.0,1.0,,2075,building_kill,npc_dota_hero_spectre
npc_dota_badguys_fort,4078566725,,,,2082,building_kill,dota_unknown
8,4080316101,2.0,2.0,,-36,CHAT_MESSAGE_FIRSTBLOOD,
npc_dota_goodguys_tower1_mid,4080316101,129.0,6.0,,538,building_kill,npc_dota_hero_tiny
npc_dota_goodguys_tower1_bot,4080316101,,,,713,building_kill,npc_dota_badguys_siege
npc_dota_badguys_tower1_top,4080316101,1.0,1.0,,829,building_kill,npc_dota_hero_gyrocopter
npc_dota_goodguys_tower2_bot,4080316101,132.0,9.0,,1322,building_kill,npc_dota_hero_enchantress
npc_dota_badguys_tower1_mid,4080316101,,,,1331,building_kill,npc_dota_creep_goodguys_melee
,4080316101,,,3.0,1800,CHAT_MESSAGE_ROSHAN_KILL,
,4080316101,128.0,5.0,,1802,CHAT_MESSAGE_AEGIS,
npc_dota_goodguys_tower2_mid,4080316101,128.0,5.0,,1877,building_kill,npc_dota_hero_spectre
npc_dota_goodguys_tower1_top,4080316101,128.0,5.0,,1936,building_kill,npc_dota_hero_spectre
npc_dota_goodguys_tower2_top,4080316101,132.0,9.0,,1964,building_kill,npc_dota_hero_enchantress
npc_dota_goodguys_tower3_top,4080316101,129.0,6.0,,2084,building_kill,npc_dota_hero_tiny
npc_dota_goodguys_tower3_mid,4080316101,128.0,5.0,,2087,building_kill,npc_dota_hero_spectre
npc_dota_badguys_tower2_mid,4080316101,,,,2208,building_kill,npc_dota_goodguys_siege
npc_dota_badguys_tower3_mid,4080316101,3.0,3.0,,2267,building_kill,npc_dota_hero_venomancer
npc_dota_badguys_range_rax_mid,4080316101,3.0,3.0,,2281,building_kill,npc_dota_hero_venomancer
npc_dota_badguys_tower2_top,4080316101,,,,2288,building_kill,npc_dota_goodguys_siege
npc_dota_goodguys_melee_rax_top,4080316101,129.0,6.0,,2419,building_kill,npc_dota_hero_tiny
,4080316101,,,3.0,2452,CHAT_MESSAGE_ROSHAN_KILL,
,4080316101,128.0,5.0,,2452,CHAT_MESSAGE_AEGIS,
npc_dota_goodguys_healers,4080316101,128.0,5.0,,2498,building_kill,npc_dota_hero_spectre
npc_dota_goodguys_tower4,4080316101,132.0,9.0,,2596,building_kill,npc_dota_hero_enchantress
npc_dota_goodguys_tower4,4080316101,132.0,9.0,,2603,building_kill,npc_dota_hero_enchantress
npc_dota_goodguys_fort,4080316101,,,,2606,building_kill,dota_unknown
0,4080420268,132.0,9.0,,96,CHAT_MESSAGE_FIRSTBLOOD,
npc_dota_goodguys_tower1_mid,4080420268,2.0,2.0,,554,building_kill,npc_dota_hero_warlock
npc_dota_badguys_tower1_top,4080420268,1.0,1.0,,554,building_kill,npc_dota_hero_kunkka
npc_dota_goodguys_tower1_bot,4080420268,131.0,8.0,,766,building_kill,npc_dota_hero_mirana
npc_dota_badguys_tower1_mid,4080420268,130.0,7.0,,976,building_kill,npc_dota_hero_lich
npc_dota_goodguys_tower2_bot,4080420268,,,,977,building_kill,npc_dota_badguys_siege
npc_dota_goodguys_tower1_top,4080420268,129.0,6.0,,1532,building_kill,npc_dota_hero_spectre
npc_dota_badguys_tower2_top,4080420268,1.0,1.0,,1611,building_kill,npc_dota_hero_kunkka
npc_dota_badguys_tower2_mid,4080420268,3.0,3.0,,1661,building_kill,npc_dota_hero_dark_willow
npc_dota_badguys_tower3_mid,4080420268,0.0,0.0,,1683,building_kill,npc_dota_hero_luna
npc_dota_badguys_range_rax_mid,4080420268,4.0,4.0,,1689,building_kill,npc_dota_hero_skeleton_king
npc_dota_badguys_melee_rax_mid,4080420268,1.0,1.0,,1689,building_kill,npc_dota_hero_kunkka
npc_dota_badguys_tower3_top,4080420268,2.0,2.0,,1700,building_kill,npc_dota_hero_warlock
npc_dota_badguys_melee_rax_top,4080420268,0.0,0.0,,1706,building_kill,npc_dota_hero_luna
npc_dota_badguys_range_rax_top,4080420268,0.0,0.0,,1707,building_kill,npc_dota_hero_luna
,4080420268,,,2.0,1777,CHAT_MESSAGE_ROSHAN_KILL,
,4080420268,0.0,0.0,,1777,CHAT_MESSAGE_AEGIS,
npc_dota_badguys_tower1_bot,4080420268,4.0,4.0,,1865,building_kill,npc_dota_hero_skeleton_king
npc_dota_badguys_tower2_bot,4080420268,0.0,0.0,,1883,building_kill,npc_dota_hero_luna
npc_dota_badguys_tower3_bot,4080420268,0.0,0.0,,1923,building_kill,npc_dota_hero_luna
npc_dota_badguys_range_rax_bot,4080420268,0.0,0.0,,1931,building_kill,npc_dota_hero_luna
npc_dota_badguys_melee_rax_bot,4080420268,,,,1933,building_kill,npc_dota_creep_goodguys_ranged
npc_dota_badguys_tower4,4080420268,0.0,0.0,,1942,building_kill,npc_dota_hero_luna
npc_dota_badguys_fort,4080420268,,,,1945,building_kill,dota_unknown
3,4080601137,131.0,8.0,,218,CHAT_MESSAGE_FIRSTBLOOD,
npc_dota_goodguys_tower1_top,4080601137,,,,964,building_kill,npc_dota_badguys_siege
npc_dota_badguys_tower1_top,4080601137,1.0,1.0,,1451,building_kill,npc_dota_hero_spectre
npc_dota_badguys_tower1_mid,4080601137,,,,1531,building_kill,npc_dota_goodguys_siege
npc_dota_goodguys_tower1_bot,4080601137,132.0,9.0,,1638,building_kill,npc_dota_hero_enchantress
,4080601137,,,2.0,1683,CHAT_MESSAGE_ROSHAN_KILL,
,4080601137,1.0,1.0,,1683,CHAT_MESSAGE_AEGIS,
npc_dota_badguys_tower2_mid,4080601137,1.0,1.0,,1729,building_kill,npc_dota_hero_spectre
npc_dota_badguys_tower3_mid,4080601137,4.0,4.0,,1748,building_kill,npc_dota_hero_monkey_king
npc_dota_goodguys_tower2_top,4080601137,,,,1918,building_kill,npc_dota_badguys_siege
npc_dota_badguys_melee_rax_mid,4080601137,4.0,4.0,,1924,building_kill,npc_dota_hero_monkey_king
npc_dota_badguys_tower2_top,4080601137,,,,2048,building_kill,npc_dota_creep_goodguys_melee
npc_dota_badguys_tower3_top,4080601137,1.0,1.0,,2077,building_kill,npc_dota_hero_spectre
npc_dota_badguys_fort,4080601137,,,,2078,building_kill,dota_unknown
6,4080666526,0.0,0.0,,81,CHAT_MESSAGE_FIRSTBLOOD,
,4080666526,,,3.0,289,CHAT_MESSAGE_COURIER_LOST,
npc_dota_badguys_tower1_top,4080666526,0.0,0.0,,526,building_kill,npc_dota_hero_phantom_lancer
npc_dota_badguys_tower1_mid,4080666526,1.0,1.0,,622,building_kill,npc_dota_hero_kunkka
npc_dota_badguys_tower1_bot,4080666526,1.0,1.0,,695,building_kill,npc_dota_hero_kunkka
npc_dota_goodguys_tower1_bot,4080666526,131.0,8.0,,873,building_kill,npc_dota_hero_abyssal_underlord
npc_dota_badguys_tower2_bot,4080666526,,,,1314,building_kill,npc_dota_goodguys_siege
npc_dota_badguys_tower2_mid,4080666526,,,,1329,building_kill,npc_dota_goodguys_siege
npc_dota_goodguys_tower1_top,4080666526,3.0,3.0,,1339,building_kill,npc_dota_hero_earthshaker
,4080666526,,,2.0,1577,CHAT_MESSAGE_ROSHAN_KILL,
,4080666526,0.0,0.0,,1577,CHAT_MESSAGE_AEGIS,
npc_dota_badguys_tower2_top,4080666526,1.0,1.0,,1858,building_kill,npc_dota_hero_kunkka
npc_dota_badguys_tower3_bot,4080666526,4.0,4.0,,2084,building_kill,npc_dota_hero_enchantress
npc_dota_badguys_melee_rax_bot,4080666526,1.0,1.0,,2090,building_kill,npc_dota_hero_kunkka
npc_dota_badguys_range_rax_bot,4080666526,1.0,1.0,,2092,building_kill,npc_dota_hero_kunkka
npc_dota_badguys_tower3_mid,4080666526,1.0,1.0,,2098,building_kill,npc_dota_hero_kunkka
npc_dota_badguys_melee_rax_mid,4080666526,1.0,1.0,,2148,building_kill,npc_dota_hero_kunkka
npc_dota_badguys_range_rax_mid,4080666526,3.0,3.0,,2230,building_kill,npc_dota_hero_earthshaker
npc_dota_badguys_tower3_top,4080666526,3.0,3.0,,2240,building_kill,npc_dota_hero_earthshaker
npc_dota_badguys_melee_rax_top,4080666526,1.0,1.0,,2246,building_kill,npc_dota_hero_kunkka
npc_dota_badguys_range_rax_top,4080666526,4.0,4.0,,2257,building_kill,npc_dota_hero_enchantress
npc_dota_badguys_fort,4080666526,,,,2285,building_kill,dota_unknown
,4080723031,,,3.0,30,CHAT_MESSAGE_COURIER_LOST,
1,4080723031,132.0,9.0,,138,CHAT_MESSAGE_FIRSTBLOOD,
npc_dota_badguys_tower1_mid,4080723031,4.0,4.0,,511,building_kill,npc_dota_hero_morphling
npc_dota_badguys_tower2_mid,4080723031,4.0,4.0,,669,building_kill,npc_dota_hero_morphling
npc_dota_badguys_tower1_top,4080723031,1.0,1.0,,825,building_kill,npc_dota_hero_phantom_lancer
npc_dota_badguys_tower1_bot,4080723031,4.0,4.0,,919,building_kill,npc_dota_hero_morphling
,4080723031,,,2.0,1012,CHAT_MESSAGE_ROSHAN_KILL,
,4080723031,4.0,4.0,,1012,CHAT_MESSAGE_AEGIS,
npc_dota_goodguys_tower1_bot,4080723031,2.0,2.0,,1018,building_kill,npc_dota_hero_lina
npc_dota_goodguys_tower2_bot,4080723031,129.0,6.0,,1486,building_kill,npc_dota_hero_alchemist
npc_dota_goodguys_tower1_mid,4080723031,,,,1564,building_kill,npc_dota_badguys_siege
npc_dota_goodguys_tower1_top,4080723031,128.0,5.0,,1582,building_kill,npc_dota_hero_weaver
,4080723031,,,3.0,1671,CHAT_MESSAGE_COURIER_LOST,
,4080723031,,,3.0,1747,CHAT_MESSAGE_ROSHAN_KILL,
,4080723031,128.0,5.0,,1748,CHAT_MESSAGE_AEGIS,
npc_dota_goodguys_tower2_mid,4080723031,,,,1848,building_kill,npc_dota_badguys_siege
npc_dota_badguys_tower2_top,4080723031,1.0,1.0,,1858,building_kill,npc_dota_hero_phantom_lancer
npc_dota_goodguys_tower3_mid,4080723031,128.0,5.0,,1865,building_kill,npc_dota_hero_weaver
npc_dota_goodguys_melee_rax_mid,4080723031,,,,1876,building_kill,npc_dota_badguys_siege
npc_dota_badguys_tower3_top,4080723031,,,,1903,building_kill,npc_dota_goodguys_siege
npc_dota_badguys_tower2_bot,4080723031,4.0,4.0,,1924,building_kill,npc_dota_hero_morphling
npc_dota_goodguys_range_rax_mid,4080723031,,,,1993,building_kill,npc_dota_creep_badguys_melee_upgraded
npc_dota_goodguys_tower4,4080723031,128.0,5.0,,2005,building_kill,npc_dota_hero_weaver
npc_dota_goodguys_tower4,4080723031,129.0,6.0,,2026,building_kill,npc_dota_hero_alchemist
npc_dota_goodguys_fort,4080723031,132.0,9.0,,2066,building_kill,npc_dota_hero_brewmaster
npc_dota_badguys_tower1_mid,4080778303,,,,372,building_kill,npc_dota_creep_goodguys_ranged
npc_dota_badguys_tower1_bot,4080778303,1.0,1.0,,557,building_kill,npc_dota_hero_bloodseeker
npc_dota_goodguys_tower1_bot,4080778303,129.0,6.0,,945,building_kill,npc_dota_hero_phantom_lancer
npc_dota_badguys_tower1_top,4080778303,,,,975,building_kill,npc_dota_goodguys_siege
npc_dota_goodguys_tower1_mid,4080778303,129.0,6.0,,1138,building_kill,npc_dota_hero_phantom_lancer
,4080778303,,,3.0,1333,CHAT_MESSAGE_ROSHAN_KILL,
,4080778303,129.0,6.0,,1335,CHAT_MESSAGE_AEGIS,
npc_dota_goodguys_tower2_bot,4080778303,132.0,9.0,,1495,building_kill,npc_dota_hero_invoker
npc_dota_goodguys_tower2_mid,4080778303,129.0,6.0,,1563,building_kill,npc_dota_hero_phantom_lancer
npc_dota_goodguys_tower3_mid,4080778303,128.0,5.0,,1589,building_kill,npc_dota_hero_chen
npc_dota_goodguys_tower1_top,4080778303,132.0,9.0,,1766,building_kill,npc_dota_hero_invoker
,4080778303,,,2.0,2096,CHAT_MESSAGE_ROSHAN_KILL,
,4080778303,1.0,1.0,,2097,CHAT_MESSAGE_AEGIS,
npc_dota_badguys_tower2_top,4080778303,1.0,1.0,,2130,building_kill,npc_dota_hero_bloodseeker
npc_dota_badguys_tower2_mid,4080778303,2.0,2.0,,2146,building_kill,npc_dota_hero_enchantress
npc_dota_badguys_tower2_bot,4080778303,1.0,1.0,,2169,building_kill,npc_dota_hero_bloodseeker
npc_dota_badguys_tower3_mid,4080778303,1.0,1.0,,2452,building_kill,npc_dota_hero_bloodseeker
npc_dota_badguys_melee_rax_mid,4080778303,0.0,0.0,,2461,building_kill,npc_dota_hero_morphling
npc_dota_badguys_range_rax_mid,4080778303,0.0,0.0,,2461,building_kill,npc_dota_hero_morphling
npc_dota_badguys_tower3_top,4080778303,2.0,2.0,,2474,building_kill,npc_dota_hero_enchantress
npc_dota_goodguys_tower2_top,4080778303,,,,2527,building_kill,npc_dota_badguys_siege
npc_dota_goodguys_healers,4080778303,129.0,6.0,,2600,building_kill,npc_dota_hero_phantom_lancer
npc_dota_goodguys_healers,4080778303,128.0,5.0,,2602,building_kill,npc_dota_hero_chen
npc_dota_badguys_melee_rax_top,4080778303,4.0,4.0,,2766,building_kill,npc_dota_hero_brewmaster
npc_dota_badguys_range_rax_top,4080778303,4.0,4.0,,2773,building_kill,npc_dota_hero_brewmaster
,4080778303,,,3.0,3028,CHAT_MESSAGE_ROSHAN_KILL,
,4080778303,129.0,6.0,,3029,CHAT_MESSAGE_AEGIS,
npc_dota_badguys_healers,4080778303,1.0,1.0,,3110,building_kill,npc_dota_hero_bloodseeker
npc_dota_goodguys_tower3_bot,4080778303,129.0,6.0,,3288,building_kill,npc_dota_hero_phantom_lancer
npc_dota_goodguys_melee_rax_bot,4080778303,130.0,7.0,,3335,building_kill,npc_dota_hero_wisp
npc_dota_goodguys_range_rax_bot,4080778303,129.0,6.0,,3339,building_kill,npc_dota_hero_phantom_lancer
npc_dota_goodguys_melee_rax_mid,4080778303,132.0,9.0,,3353,building_kill,npc_dota_hero_invoker
npc_dota_goodguys_range_rax_mid,4080778303,129.0,6.0,,3356,building_kill,npc_dota_hero_phantom_lancer
npc_dota_goodguys_tower3_top,4080778303,129.0,6.0,,3362,building_kill,npc_dota_hero_phantom_lancer
npc_dota_goodguys_melee_rax_top,4080778303,131.0,8.0,,3373,building_kill,npc_dota_hero_axe
npc_dota_goodguys_range_rax_top,4080778303,129.0,6.0,,3535,building_kill,npc_dota_hero_phantom_lancer
npc_dota_goodguys_tower4,4080778303,,,,3698,building_kill,npc_dota_badguys_siege_upgraded_mega
,4080778303,,,3.0,3751,CHAT_MESSAGE_ROSHAN_KILL,
,4080778303,129.0,6.0,,3752,CHAT_MESSAGE_AEGIS,
npc_dota_goodguys_tower4,4080778303,129.0,6.0,,3777,building_kill,npc_dota_hero_phantom_lancer
npc_dota_goodguys_fort,4080778303,130.0,7.0,,3922,building_kill,npc_dota_hero_wisp
6,4080856812,4.0,4.0,,154,CHAT_MESSAGE_FIRSTBLOOD,
npc_dota_goodguys_tower1_bot,4080856812,129.0,6.0,,801,building_kill,npc_dota_hero_ember_spirit
npc_dota_badguys_tower1_top,4080856812,1.0,1.0,,804,building_kill,npc_dota_hero_kunkka
npc_dota_badguys_tower1_mid,4080856812,131.0,8.0,,886,building_kill,npc_dota_hero_magnataur
npc_dota_badguys_tower2_top,4080856812,0.0,0.0,,954,building_kill,npc_dota_hero_terrorblade
,4080856812,,,3.0,1419,CHAT_MESSAGE_COURIER_LOST,
,4080856812,,,3.0,1488,CHAT_MESSAGE_ROSHAN_KILL,
,4080856812,129.0,6.0,,1488,CHAT_MESSAGE_AEGIS,
npc_dota_goodguys_tower1_mid,4080856812,,,,1515,building_kill,npc_dota_creep_badguys_melee
npc_dota_goodguys_tower2_bot,4080856812,128.0,5.0,,1650,building_kill,npc_dota_hero_furion
npc_dota_goodguys_tower3_bot,4080856812,128.0,5.0,,1689,building_kill,npc_dota_hero_furion
npc_dota_goodguys_melee_rax_bot,4080856812,128.0,5.0,,1702,building_kill,npc_dota_hero_furion
npc_dota_goodguys_range_rax_bot,4080856812,128.0,5.0,,1707,building_kill,npc_dota_hero_furion
npc_dota_goodguys_tower2_mid,4080856812,129.0,6.0,,1729,building_kill,npc_dota_hero_ember_spirit
npc_dota_goodguys_tower1_top,4080856812,128.0,5.0,,1851,building_kill,npc_dota_hero_furion
npc_dota_goodguys_tower3_mid,4080856812,129.0,6.0,,1873,building_kill,npc_dota_hero_ember_spirit
npc_dota_goodguys_melee_rax_mid,4080856812,,,,1883,building_kill,npc_dota_creep_badguys_ranged
npc_dota_goodguys_range_rax_mid,4080856812,128.0,5.0,,1888,building_kill,npc_dota_hero_furion
npc_dota_goodguys_tower2_top,4080856812,128.0,5.0,,1903,building_kill,npc_dota_hero_furion
npc_dota_goodguys_healers,4080856812,128.0,5.0,,1923,building_kill,npc_dota_hero_furion
npc_dota_goodguys_healers,4080856812,128.0,5.0,,1976,building_kill,npc_dota_hero_furion
npc_dota_goodguys_tower4,4080856812,128.0,5.0,,2141,building_kill,npc_dota_hero_furion
npc_dota_goodguys_tower4,4080856812,,,,2170,building_kill,npc_dota_creep_badguys_melee_upgraded
npc_dota_goodguys_fort,4080856812,,,,2189,building_kill,npc_dota_creep_badguys_melee_upgraded
